[05-Nov-2025 17:43:27 America/Bogota] Error de conexión: SQLSTATE[HY000] [1045] Access denied for user 'root'@'localhost' (using password: NO)
[05-Nov-2025 17:46:47 America/Bogota] Error de conexión: SQLSTATE[HY000] [1045] Access denied for user 'root'@'localhost' (using password: NO)
[05-Nov-2025 18:15:12 America/Bogota] Error de conexión: SQLSTATE[HY000] [1045] Access denied for user 'root'@'localhost' (using password: NO)
[05-Nov-2025 18:57:46 America/Bogota] ✓ Conexión exitosa a MySQL
[05-Nov-2025 18:58:12 America/Bogota] ✓ Conexión exitosa a MySQL
[05-Nov-2025 22:48:18 America/Bogota] ✓ Conexión exitosa a MySQL
[05-Nov-2025 22:50:58 America/Bogota] ✓ Conexión exitosa a MySQL
[05-Nov-2025 22:51:42 America/Bogota] ✓ Conexión exitosa a MySQL
[05-Nov-2025 22:52:00 America/Bogota] ✓ Conexión exitosa a MySQL
[05-Nov-2025 22:52:11 America/Bogota] ✓ Conexión exitosa a MySQL
[05-Nov-2025 22:58:38 America/Bogota] ✓ Conexión exitosa a MySQL
[05-Nov-2025 22:58:55 America/Bogota] ✓ Conexión exitosa a MySQL
[05-Nov-2025 22:58:57 America/Bogota] ✓ Conexión exitosa a MySQL
[05-Nov-2025 22:58:58 America/Bogota] ✓ Conexión exitosa a MySQL
[05-Nov-2025 22:59:02 America/Bogota] ✓ Conexión exitosa a MySQL
[05-Nov-2025 22:59:05 America/Bogota] ✓ Conexión exitosa a MySQL
[05-Nov-2025 22:59:06 America/Bogota] ✓ Conexión exitosa a MySQL
[05-Nov-2025 22:59:12 America/Bogota] ✓ Conexión exitosa a MySQL
[05-Nov-2025 22:59:22 America/Bogota] ✓ Conexión exitosa a MySQL
[05-Nov-2025 22:59:27 America/Bogota] ✓ Conexión exitosa a MySQL
[05-Nov-2025 22:59:27 America/Bogota] ✓ Conexión exitosa a MySQL
[05-Nov-2025 22:59:27 America/Bogota] ✓ Conexión exitosa a MySQL
[05-Nov-2025 22:59:27 America/Bogota] ✓ Conexión exitosa a MySQL
[05-Nov-2025 22:59:45 America/Bogota] ✓ Conexión exitosa a MySQL
[05-Nov-2025 22:59:50 America/Bogota] ✓ Conexión exitosa a MySQL
[05-Nov-2025 22:59:51 America/Bogota] ✓ Conexión exitosa a MySQL
[05-Nov-2025 22:59:52 America/Bogota] ✓ Conexión exitosa a MySQL
[05-Nov-2025 22:59:52 America/Bogota] ✓ Conexión exitosa a MySQL
[05-Nov-2025 22:59:52 America/Bogota] ✓ Conexión exitosa a MySQL
[05-Nov-2025 22:59:52 America/Bogota] ✓ Conexión exitosa a MySQL
[05-Nov-2025 23:00:00 America/Bogota] ✓ Conexión exitosa a MySQL
[05-Nov-2025 23:12:51 America/Bogota] ✓ Conexión exitosa a MySQL
[05-Nov-2025 23:12:53 America/Bogota] ✓ Conexión exitosa a MySQL
[05-Nov-2025 23:12:53 America/Bogota] ✓ Conexión exitosa a MySQL
[05-Nov-2025 23:13:38 America/Bogota] ✓ Conexión exitosa a MySQL
[05-Nov-2025 23:13:40 America/Bogota] ✓ Conexión exitosa a MySQL
[05-Nov-2025 23:13:40 America/Bogota] ✓ Conexión exitosa a MySQL
[05-Nov-2025 23:13:46 America/Bogota] ✓ Conexión exitosa a MySQL
[05-Nov-2025 23:13:48 America/Bogota] ✓ Conexión exitosa a MySQL
[05-Nov-2025 23:13:48 America/Bogota] ✓ Conexión exitosa a MySQL
[05-Nov-2025 23:13:51 America/Bogota] ✓ Conexión exitosa a MySQL
[05-Nov-2025 23:13:51 America/Bogota] ✓ Conexión exitosa a MySQL
[05-Nov-2025 23:13:52 America/Bogota] ✓ Conexión exitosa a MySQL
[05-Nov-2025 23:13:53 America/Bogota] ✓ Conexión exitosa a MySQL
[05-Nov-2025 23:13:57 America/Bogota] ✓ Conexión exitosa a MySQL
[05-Nov-2025 23:13:59 America/Bogota] ✓ Conexión exitosa a MySQL
[05-Nov-2025 23:13:59 America/Bogota] ✓ Conexión exitosa a MySQL
[05-Nov-2025 23:14:00 America/Bogota] ✓ Conexión exitosa a MySQL
[05-Nov-2025 23:14:02 America/Bogota] ✓ Conexión exitosa a MySQL
[05-Nov-2025 23:14:02 America/Bogota] ✓ Conexión exitosa a MySQL
[05-Nov-2025 23:17:25 America/Bogota] ✓ Conexión exitosa a MySQL
[05-Nov-2025 23:17:34 America/Bogota] ✓ Conexión exitosa a MySQL
[05-Nov-2025 23:19:58 America/Bogota] ✓ Conexión exitosa a MySQL
[05-Nov-2025 23:20:00 America/Bogota] ✓ Conexión exitosa a MySQL
[05-Nov-2025 23:20:00 America/Bogota] ✓ Conexión exitosa a MySQL
[05-Nov-2025 23:20:05 America/Bogota] ✓ Conexión exitosa a MySQL
[05-Nov-2025 23:20:05 America/Bogota] ✓ Conexión exitosa a MySQL
[05-Nov-2025 23:20:05 America/Bogota] ✓ Conexión exitosa a MySQL
[05-Nov-2025 23:20:05 America/Bogota] ✓ Conexión exitosa a MySQL
[05-Nov-2025 23:20:14 America/Bogota] ✓ Conexión exitosa a MySQL
[05-Nov-2025 23:20:50 America/Bogota] ✓ Conexión exitosa a MySQL
[05-Nov-2025 23:20:50 America/Bogota] ✓ Conexión exitosa a MySQL
[05-Nov-2025 23:20:52 America/Bogota] ✓ Conexión exitosa a MySQL
[05-Nov-2025 23:20:52 America/Bogota] ✓ Conexión exitosa a MySQL
[05-Nov-2025 23:23:12 America/Bogota] ✓ Conexión exitosa a MySQL
[05-Nov-2025 23:23:14 America/Bogota] ✓ Conexión exitosa a MySQL
[05-Nov-2025 23:23:14 America/Bogota] ✓ Conexión exitosa a MySQL
[05-Nov-2025 23:23:18 America/Bogota] ✓ Conexión exitosa a MySQL
[05-Nov-2025 23:23:20 America/Bogota] ✓ Conexión exitosa a MySQL
[05-Nov-2025 23:23:20 America/Bogota] ✓ Conexión exitosa a MySQL
[05-Nov-2025 23:23:26 America/Bogota] ✓ Conexión exitosa a MySQL
[05-Nov-2025 23:23:28 America/Bogota] ✓ Conexión exitosa a MySQL
[05-Nov-2025 23:23:28 America/Bogota] ✓ Conexión exitosa a MySQL
[05-Nov-2025 23:23:34 America/Bogota] ✓ Conexión exitosa a MySQL
[05-Nov-2025 23:23:34 America/Bogota] ✓ Conexión exitosa a MySQL
[05-Nov-2025 23:23:35 America/Bogota] ✓ Conexión exitosa a MySQL
[05-Nov-2025 23:23:35 America/Bogota] ✓ Conexión exitosa a MySQL
[05-Nov-2025 23:26:16 America/Bogota] ✓ Conexión exitosa a MySQL
[05-Nov-2025 23:26:17 America/Bogota] ✓ Conexión exitosa a MySQL
[05-Nov-2025 23:26:17 America/Bogota] ✓ Conexión exitosa a MySQL
[05-Nov-2025 23:26:22 America/Bogota] ✓ Conexión exitosa a MySQL
[05-Nov-2025 23:26:22 America/Bogota] ✓ Conexión exitosa a MySQL
[05-Nov-2025 23:26:23 America/Bogota] ✓ Conexión exitosa a MySQL
[05-Nov-2025 23:26:24 America/Bogota] ✓ Conexión exitosa a MySQL
[05-Nov-2025 23:26:33 America/Bogota] ✓ Conexión exitosa a MySQL
[05-Nov-2025 23:26:33 America/Bogota] ✓ Conexión exitosa a MySQL
[05-Nov-2025 23:26:35 America/Bogota] ✓ Conexión exitosa a MySQL
[05-Nov-2025 23:26:35 America/Bogota] ✓ Conexión exitosa a MySQL
[05-Nov-2025 23:26:35 America/Bogota] ✓ Conexión exitosa a MySQL
[05-Nov-2025 23:26:35 America/Bogota] ✓ Conexión exitosa a MySQL
[05-Nov-2025 23:26:35 America/Bogota] ✓ Conexión exitosa a MySQL
[05-Nov-2025 23:28:36 America/Bogota] ✓ Conexión exitosa a MySQL
[05-Nov-2025 23:28:38 America/Bogota] ✓ Conexión exitosa a MySQL
[05-Nov-2025 23:28:38 America/Bogota] ✓ Conexión exitosa a MySQL
[05-Nov-2025 23:28:38 America/Bogota] ✓ Conexión exitosa a MySQL
[05-Nov-2025 23:28:38 America/Bogota] ✓ Conexión exitosa a MySQL
[05-Nov-2025 23:28:42 America/Bogota] ✓ Conexión exitosa a MySQL
[05-Nov-2025 23:28:42 America/Bogota] ✓ Conexión exitosa a MySQL
[05-Nov-2025 23:28:42 America/Bogota] ✓ Conexión exitosa a MySQL
[05-Nov-2025 23:28:42 America/Bogota] ✓ Conexión exitosa a MySQL
[05-Nov-2025 23:28:58 America/Bogota] ✓ Conexión exitosa a MySQL
[05-Nov-2025 23:28:59 America/Bogota] ✓ Conexión exitosa a MySQL
[05-Nov-2025 23:28:59 America/Bogota] ✓ Conexión exitosa a MySQL
[05-Nov-2025 23:29:03 America/Bogota] ✓ Conexión exitosa a MySQL
[05-Nov-2025 23:29:03 America/Bogota] ✓ Conexión exitosa a MySQL
[05-Nov-2025 23:29:05 America/Bogota] ✓ Conexión exitosa a MySQL
[05-Nov-2025 23:29:05 America/Bogota] ✓ Conexión exitosa a MySQL
[05-Nov-2025 23:29:05 America/Bogota] ✓ Conexión exitosa a MySQL
[05-Nov-2025 23:29:05 America/Bogota] ✓ Conexión exitosa a MySQL
[05-Nov-2025 23:29:05 America/Bogota] ✓ Conexión exitosa a MySQL
[05-Nov-2025 23:29:17 America/Bogota] ✓ Conexión exitosa a MySQL
[05-Nov-2025 23:29:17 America/Bogota] PHP Fatal error:  Uncaught PDOException: SQLSTATE[HY000]: General error: 2014 Cannot execute queries while there are pending result sets. Consider unsetting the previous PDOStatement or calling PDOStatement::closeCursor() in C:\xampp\htdocs\gestion3d\api\config.php:267
Stack trace:
#0 C:\xampp\htdocs\gestion3d\api\config.php(267): PDO->rollBack()
#1 C:\xampp\htdocs\gestion3d\api\api_inventario.php(157): BaseModel->rollback()
#2 C:\xampp\htdocs\gestion3d\api\api_inventario.php(353): InventarioCarretes->registrarUso('1762401537_9163...', 39, '')
#3 {main}
  thrown in C:\xampp\htdocs\gestion3d\api\config.php on line 267
[05-Nov-2025 23:29:27 America/Bogota] ✓ Conexión exitosa a MySQL
[05-Nov-2025 23:29:27 America/Bogota] PHP Fatal error:  Uncaught PDOException: SQLSTATE[HY000]: General error: 2014 Cannot execute queries while there are pending result sets. Consider unsetting the previous PDOStatement or calling PDOStatement::closeCursor() in C:\xampp\htdocs\gestion3d\api\config.php:267
Stack trace:
#0 C:\xampp\htdocs\gestion3d\api\config.php(267): PDO->rollBack()
#1 C:\xampp\htdocs\gestion3d\api\api_inventario.php(157): BaseModel->rollback()
#2 C:\xampp\htdocs\gestion3d\api\api_inventario.php(353): InventarioCarretes->registrarUso('1762401537_9163...', 39, '')
#3 {main}
  thrown in C:\xampp\htdocs\gestion3d\api\config.php on line 267
[05-Nov-2025 23:29:32 America/Bogota] ✓ Conexión exitosa a MySQL
[05-Nov-2025 23:29:32 America/Bogota] ✓ Conexión exitosa a MySQL
[05-Nov-2025 23:29:34 America/Bogota] ✓ Conexión exitosa a MySQL
[05-Nov-2025 23:29:34 America/Bogota] ✓ Conexión exitosa a MySQL
[05-Nov-2025 23:29:34 America/Bogota] ✓ Conexión exitosa a MySQL
[05-Nov-2025 23:29:34 America/Bogota] ✓ Conexión exitosa a MySQL
[05-Nov-2025 23:29:34 America/Bogota] ✓ Conexión exitosa a MySQL
[05-Nov-2025 23:29:47 America/Bogota] ✓ Conexión exitosa a MySQL
[05-Nov-2025 23:29:47 America/Bogota] PHP Fatal error:  Uncaught PDOException: SQLSTATE[HY000]: General error: 2014 Cannot execute queries while there are pending result sets. Consider unsetting the previous PDOStatement or calling PDOStatement::closeCursor() in C:\xampp\htdocs\gestion3d\api\config.php:267
Stack trace:
#0 C:\xampp\htdocs\gestion3d\api\config.php(267): PDO->rollBack()
#1 C:\xampp\htdocs\gestion3d\api\api_inventario.php(157): BaseModel->rollback()
#2 C:\xampp\htdocs\gestion3d\api\api_inventario.php(353): InventarioCarretes->registrarUso('1762401537_9163...', 39, '')
#3 {main}
  thrown in C:\xampp\htdocs\gestion3d\api\config.php on line 267
[05-Nov-2025 23:30:58 America/Bogota] ✓ Conexión exitosa a MySQL
[05-Nov-2025 23:32:13 America/Bogota] ✓ Conexión exitosa a MySQL
[05-Nov-2025 23:32:13 America/Bogota] ✓ Conexión exitosa a MySQL
[05-Nov-2025 23:32:15 America/Bogota] ✓ Conexión exitosa a MySQL
[05-Nov-2025 23:32:15 America/Bogota] ✓ Conexión exitosa a MySQL
[05-Nov-2025 23:32:15 America/Bogota] ✓ Conexión exitosa a MySQL
[05-Nov-2025 23:32:15 America/Bogota] ✓ Conexión exitosa a MySQL
[05-Nov-2025 23:32:15 America/Bogota] ✓ Conexión exitosa a MySQL
[05-Nov-2025 23:32:17 America/Bogota] ✓ Conexión exitosa a MySQL
[05-Nov-2025 23:32:17 America/Bogota] ✓ Conexión exitosa a MySQL
[05-Nov-2025 23:32:19 America/Bogota] ✓ Conexión exitosa a MySQL
[05-Nov-2025 23:32:19 America/Bogota] ✓ Conexión exitosa a MySQL
[05-Nov-2025 23:32:19 America/Bogota] ✓ Conexión exitosa a MySQL
[05-Nov-2025 23:32:19 America/Bogota] ✓ Conexión exitosa a MySQL
[05-Nov-2025 23:32:19 America/Bogota] ✓ Conexión exitosa a MySQL
[05-Nov-2025 23:32:22 America/Bogota] ✓ Conexión exitosa a MySQL
[05-Nov-2025 23:32:22 America/Bogota] ✓ Conexión exitosa a MySQL
[05-Nov-2025 23:32:22 America/Bogota] ✓ Conexión exitosa a MySQL
[05-Nov-2025 23:32:22 America/Bogota] ✓ Conexión exitosa a MySQL
[05-Nov-2025 23:32:23 America/Bogota] ✓ Conexión exitosa a MySQL
[05-Nov-2025 23:33:19 America/Bogota] ✓ Conexión exitosa a MySQL
[05-Nov-2025 23:33:19 America/Bogota] ✓ Conexión exitosa a MySQL
[05-Nov-2025 23:33:19 America/Bogota] ✓ Conexión exitosa a MySQL
[05-Nov-2025 23:33:19 America/Bogota] ✓ Conexión exitosa a MySQL
[05-Nov-2025 23:33:19 America/Bogota] ✓ Conexión exitosa a MySQL
[05-Nov-2025 23:33:29 America/Bogota] ✓ Conexión exitosa a MySQL
[05-Nov-2025 23:33:29 America/Bogota] ✓ Conexión exitosa a MySQL
[05-Nov-2025 23:33:29 America/Bogota] ✓ Conexión exitosa a MySQL
[05-Nov-2025 23:33:29 America/Bogota] ✓ Conexión exitosa a MySQL
[05-Nov-2025 23:33:29 America/Bogota] ✓ Conexión exitosa a MySQL
[05-Nov-2025 23:34:03 America/Bogota] ✓ Conexión exitosa a MySQL
[05-Nov-2025 23:34:03 America/Bogota] ✓ Conexión exitosa a MySQL
[05-Nov-2025 23:34:03 America/Bogota] ✓ Conexión exitosa a MySQL
[05-Nov-2025 23:34:03 America/Bogota] ✓ Conexión exitosa a MySQL
[05-Nov-2025 23:34:03 America/Bogota] ✓ Conexión exitosa a MySQL
[05-Nov-2025 23:35:02 America/Bogota] ✓ Conexión exitosa a MySQL
[05-Nov-2025 23:35:04 America/Bogota] ✓ Conexión exitosa a MySQL
[05-Nov-2025 23:35:04 America/Bogota] ✓ Conexión exitosa a MySQL
[05-Nov-2025 23:35:06 America/Bogota] ✓ Conexión exitosa a MySQL
[05-Nov-2025 23:35:08 America/Bogota] ✓ Conexión exitosa a MySQL
[05-Nov-2025 23:35:08 America/Bogota] ✓ Conexión exitosa a MySQL
[05-Nov-2025 23:35:13 America/Bogota] ✓ Conexión exitosa a MySQL
[05-Nov-2025 23:39:43 America/Bogota] ✓ Conexión exitosa a MySQL
[05-Nov-2025 23:39:44 America/Bogota] ✓ Conexión exitosa a MySQL
[05-Nov-2025 23:39:44 America/Bogota] ✓ Conexión exitosa a MySQL
[05-Nov-2025 23:39:46 America/Bogota] ✓ Conexión exitosa a MySQL
[05-Nov-2025 23:39:48 America/Bogota] ✓ Conexión exitosa a MySQL
[05-Nov-2025 23:39:48 America/Bogota] ✓ Conexión exitosa a MySQL
[05-Nov-2025 23:40:08 America/Bogota] ✓ Conexión exitosa a MySQL
[05-Nov-2025 23:40:48 America/Bogota] ✓ Conexión exitosa a MySQL
[05-Nov-2025 23:43:17 America/Bogota] ✓ Conexión exitosa a MySQL
[05-Nov-2025 23:43:19 America/Bogota] ✓ Conexión exitosa a MySQL
[05-Nov-2025 23:43:19 America/Bogota] ✓ Conexión exitosa a MySQL
[05-Nov-2025 23:43:49 America/Bogota] ✓ Conexión exitosa a MySQL
[06-Nov-2025 08:52:40 America/Bogota] ✓ Conexión exitosa a MySQL
[06-Nov-2025 08:52:53 America/Bogota] ✓ Conexión exitosa a MySQL
[06-Nov-2025 08:53:04 America/Bogota] ✓ Conexión exitosa a MySQL
[06-Nov-2025 08:53:05 America/Bogota] ✓ Conexión exitosa a MySQL
[06-Nov-2025 08:53:05 America/Bogota] ✓ Conexión exitosa a MySQL
[06-Nov-2025 08:53:09 America/Bogota] ✓ Conexión exitosa a MySQL
[06-Nov-2025 08:53:09 America/Bogota] ✓ Conexión exitosa a MySQL
[06-Nov-2025 08:53:09 America/Bogota] ✓ Conexión exitosa a MySQL
[06-Nov-2025 08:53:50 America/Bogota] ✓ Conexión exitosa a MySQL
[06-Nov-2025 08:53:51 America/Bogota] ✓ Conexión exitosa a MySQL
[06-Nov-2025 08:53:51 America/Bogota] ✓ Conexión exitosa a MySQL
[06-Nov-2025 08:54:24 America/Bogota] ✓ Conexión exitosa a MySQL
[06-Nov-2025 08:57:21 America/Bogota] ✓ Conexión exitosa a MySQL
[06-Nov-2025 08:57:21 America/Bogota] ✓ Conexión exitosa a MySQL
[06-Nov-2025 08:57:22 America/Bogota] ✓ Conexión exitosa a MySQL
[06-Nov-2025 08:57:22 America/Bogota] ✓ Conexión exitosa a MySQL
[06-Nov-2025 08:57:22 America/Bogota] ✓ Conexión exitosa a MySQL
[06-Nov-2025 08:57:22 America/Bogota] ✓ Conexión exitosa a MySQL
[06-Nov-2025 08:57:22 America/Bogota] ✓ Conexión exitosa a MySQL
[06-Nov-2025 09:25:08 America/Bogota] ✓ Conexión exitosa a MySQL
[06-Nov-2025 09:25:10 America/Bogota] ✓ Conexión exitosa a MySQL
[06-Nov-2025 09:25:10 America/Bogota] ✓ Conexión exitosa a MySQL
[06-Nov-2025 09:25:13 America/Bogota] ✓ Conexión exitosa a MySQL
[06-Nov-2025 09:25:13 America/Bogota] ✓ Conexión exitosa a MySQL
[06-Nov-2025 09:25:13 America/Bogota] ✓ Conexión exitosa a MySQL
[06-Nov-2025 09:25:16 America/Bogota] ✓ Conexión exitosa a MySQL
[06-Nov-2025 09:25:16 America/Bogota] ✓ Conexión exitosa a MySQL
[06-Nov-2025 09:25:16 America/Bogota] ✓ Conexión exitosa a MySQL
[06-Nov-2025 09:25:16 America/Bogota] ✓ Conexión exitosa a MySQL
[06-Nov-2025 09:25:16 America/Bogota] ✓ Conexión exitosa a MySQL
[06-Nov-2025 09:25:42 America/Bogota] ✓ Conexión exitosa a MySQL
[06-Nov-2025 09:25:52 America/Bogota] ✓ Conexión exitosa a MySQL
[06-Nov-2025 09:25:52 America/Bogota] ✓ Conexión exitosa a MySQL
[06-Nov-2025 09:25:52 America/Bogota] ✓ Conexión exitosa a MySQL
[06-Nov-2025 09:25:52 America/Bogota] ✓ Conexión exitosa a MySQL
[06-Nov-2025 09:25:54 America/Bogota] ✓ Conexión exitosa a MySQL
[06-Nov-2025 09:34:23 America/Bogota] ✓ Conexión exitosa a MySQL
[06-Nov-2025 09:34:25 America/Bogota] ✓ Conexión exitosa a MySQL
[06-Nov-2025 09:34:25 America/Bogota] ✓ Conexión exitosa a MySQL
[06-Nov-2025 09:34:28 America/Bogota] ✓ Conexión exitosa a MySQL
[06-Nov-2025 09:34:28 America/Bogota] ✓ Conexión exitosa a MySQL
[06-Nov-2025 09:34:30 America/Bogota] ✓ Conexión exitosa a MySQL
[06-Nov-2025 09:34:30 America/Bogota] ✓ Conexión exitosa a MySQL
[06-Nov-2025 09:34:30 America/Bogota] ✓ Conexión exitosa a MySQL
[06-Nov-2025 09:35:37 America/Bogota] ✓ Conexión exitosa a MySQL
[06-Nov-2025 09:36:01 America/Bogota] ✓ Conexión exitosa a MySQL
[06-Nov-2025 09:36:26 America/Bogota] ✓ Conexión exitosa a MySQL
[06-Nov-2025 09:36:26 America/Bogota] ✓ Conexión exitosa a MySQL
[06-Nov-2025 09:36:27 America/Bogota] ✓ Conexión exitosa a MySQL
[06-Nov-2025 09:36:27 America/Bogota] ✓ Conexión exitosa a MySQL
[06-Nov-2025 09:36:27 America/Bogota] ✓ Conexión exitosa a MySQL
[06-Nov-2025 09:37:06 America/Bogota] ✓ Conexión exitosa a MySQL
[06-Nov-2025 11:48:46 America/Bogota] ✓ Conexión exitosa a MySQL
[06-Nov-2025 11:48:48 America/Bogota] ✓ Conexión exitosa a MySQL
[06-Nov-2025 11:48:48 America/Bogota] ✓ Conexión exitosa a MySQL
[06-Nov-2025 11:48:55 America/Bogota] ✓ Conexión exitosa a MySQL
[06-Nov-2025 11:48:55 America/Bogota] ✓ Conexión exitosa a MySQL
[06-Nov-2025 11:48:57 America/Bogota] ✓ Conexión exitosa a MySQL
[06-Nov-2025 11:48:57 America/Bogota] ✓ Conexión exitosa a MySQL
[06-Nov-2025 11:48:57 America/Bogota] ✓ Conexión exitosa a MySQL
[06-Nov-2025 11:49:40 America/Bogota] ✓ Conexión exitosa a MySQL
[06-Nov-2025 11:50:05 America/Bogota] ✓ Conexión exitosa a MySQL
[06-Nov-2025 12:06:25 America/Bogota] ✓ Conexión exitosa a MySQL
[06-Nov-2025 12:06:27 America/Bogota] ✓ Conexión exitosa a MySQL
[06-Nov-2025 12:06:27 America/Bogota] ✓ Conexión exitosa a MySQL
[06-Nov-2025 12:06:30 America/Bogota] ✓ Conexión exitosa a MySQL
[06-Nov-2025 12:06:30 America/Bogota] ✓ Conexión exitosa a MySQL
[06-Nov-2025 12:06:30 America/Bogota] ✓ Conexión exitosa a MySQL
[06-Nov-2025 12:06:30 America/Bogota] ✓ Conexión exitosa a MySQL
[06-Nov-2025 12:06:30 America/Bogota] ✓ Conexión exitosa a MySQL
[06-Nov-2025 12:06:33 America/Bogota] ✓ Conexión exitosa a MySQL
[06-Nov-2025 12:06:33 America/Bogota] ✓ Conexión exitosa a MySQL
[06-Nov-2025 12:06:34 America/Bogota] ✓ Conexión exitosa a MySQL
[06-Nov-2025 12:06:34 America/Bogota] ✓ Conexión exitosa a MySQL
[06-Nov-2025 12:06:34 America/Bogota] ✓ Conexión exitosa a MySQL
[06-Nov-2025 12:08:16 America/Bogota] ✓ Conexión exitosa a MySQL
[06-Nov-2025 12:08:23 America/Bogota] ✓ Conexión exitosa a MySQL
[06-Nov-2025 12:08:23 America/Bogota] ✓ Conexión exitosa a MySQL
[06-Nov-2025 12:08:23 America/Bogota] ✓ Conexión exitosa a MySQL
[06-Nov-2025 12:08:23 America/Bogota] ✓ Conexión exitosa a MySQL
[06-Nov-2025 12:08:23 America/Bogota] ✓ Conexión exitosa a MySQL
[06-Nov-2025 12:09:06 America/Bogota] ✓ Conexión exitosa a MySQL
[06-Nov-2025 12:09:07 America/Bogota] ✓ Conexión exitosa a MySQL
[06-Nov-2025 12:09:07 America/Bogota] ✓ Conexión exitosa a MySQL
[06-Nov-2025 12:09:09 America/Bogota] ✓ Conexión exitosa a MySQL
[06-Nov-2025 12:09:09 America/Bogota] ✓ Conexión exitosa a MySQL
[06-Nov-2025 12:09:09 America/Bogota] ✓ Conexión exitosa a MySQL
[06-Nov-2025 12:09:09 America/Bogota] ✓ Conexión exitosa a MySQL
[06-Nov-2025 12:09:09 America/Bogota] ✓ Conexión exitosa a MySQL
[06-Nov-2025 12:09:24 America/Bogota] ✓ Conexión exitosa a MySQL
[06-Nov-2025 12:10:29 America/Bogota] ✓ Conexión exitosa a MySQL
[06-Nov-2025 12:13:31 America/Bogota] ✓ Conexión exitosa a MySQL
[06-Nov-2025 12:13:31 America/Bogota] ✓ Conexión exitosa a MySQL
[06-Nov-2025 12:13:33 America/Bogota] ✓ Conexión exitosa a MySQL
[06-Nov-2025 12:13:33 America/Bogota] ✓ Conexión exitosa a MySQL
[06-Nov-2025 12:13:33 America/Bogota] ✓ Conexión exitosa a MySQL
[06-Nov-2025 12:13:44 America/Bogota] ✓ Conexión exitosa a MySQL
[06-Nov-2025 12:14:04 America/Bogota] ✓ Conexión exitosa a MySQL
[06-Nov-2025 12:15:10 America/Bogota] ✓ Conexión exitosa a MySQL
[06-Nov-2025 12:15:10 America/Bogota] ✓ Conexión exitosa a MySQL
[06-Nov-2025 12:15:12 America/Bogota] ✓ Conexión exitosa a MySQL
[06-Nov-2025 12:15:12 America/Bogota] ✓ Conexión exitosa a MySQL
[06-Nov-2025 12:15:13 America/Bogota] ✓ Conexión exitosa a MySQL
[06-Nov-2025 12:15:42 America/Bogota] ✓ Conexión exitosa a MySQL
[06-Nov-2025 12:15:53 America/Bogota] ✓ Conexión exitosa a MySQL
[06-Nov-2025 12:26:00 America/Bogota] ✓ Conexión exitosa a MySQL
[06-Nov-2025 12:26:00 America/Bogota] ✓ Conexión exitosa a MySQL
[06-Nov-2025 12:26:02 America/Bogota] ✓ Conexión exitosa a MySQL
[06-Nov-2025 12:26:02 America/Bogota] ✓ Conexión exitosa a MySQL
[06-Nov-2025 12:26:02 America/Bogota] ✓ Conexión exitosa a MySQL
[10-Nov-2025 09:10:27 America/Bogota] ✓ Conexión exitosa a MySQL
[10-Nov-2025 09:10:29 America/Bogota] ✓ Conexión exitosa a MySQL
[10-Nov-2025 09:10:29 America/Bogota] ✓ Conexión exitosa a MySQL
[10-Nov-2025 09:10:36 America/Bogota] ✓ Conexión exitosa a MySQL
[10-Nov-2025 09:10:36 America/Bogota] ✓ Conexión exitosa a MySQL
[10-Nov-2025 09:10:37 America/Bogota] ✓ Conexión exitosa a MySQL
[10-Nov-2025 09:10:37 America/Bogota] ✓ Conexión exitosa a MySQL
[10-Nov-2025 09:10:37 America/Bogota] ✓ Conexión exitosa a MySQL
[10-Nov-2025 09:10:37 America/Bogota] ✓ Conexión exitosa a MySQL
[10-Nov-2025 09:10:37 America/Bogota] ✓ Conexión exitosa a MySQL
[10-Nov-2025 09:10:51 America/Bogota] ✓ Conexión exitosa a MySQL
[10-Nov-2025 09:10:51 America/Bogota] ✓ Conexión exitosa a MySQL
[10-Nov-2025 09:10:51 America/Bogota] ✓ Conexión exitosa a MySQL
[10-Nov-2025 09:10:53 America/Bogota] ✓ Conexión exitosa a MySQL
[10-Nov-2025 09:10:53 America/Bogota] ✓ Conexión exitosa a MySQL
[10-Nov-2025 09:10:54 America/Bogota] ✓ Conexión exitosa a MySQL
[10-Nov-2025 09:10:54 America/Bogota] ✓ Conexión exitosa a MySQL
[10-Nov-2025 09:10:54 America/Bogota] ✓ Conexión exitosa a MySQL
[10-Nov-2025 09:22:12 America/Bogota] ✓ Conexión exitosa a MySQL
[10-Nov-2025 09:22:12 America/Bogota] ✓ Conexión exitosa a MySQL
[10-Nov-2025 09:22:14 America/Bogota] ✓ Conexión exitosa a MySQL
[10-Nov-2025 09:22:14 America/Bogota] ✓ Conexión exitosa a MySQL
[10-Nov-2025 09:22:14 America/Bogota] ✓ Conexión exitosa a MySQL
[10-Nov-2025 09:23:22 America/Bogota] ✓ Conexión exitosa a MySQL
[10-Nov-2025 09:23:24 America/Bogota] ✓ Conexión exitosa a MySQL
[10-Nov-2025 09:23:24 America/Bogota] ✓ Conexión exitosa a MySQL
[10-Nov-2025 09:23:27 America/Bogota] ✓ Conexión exitosa a MySQL
[10-Nov-2025 09:23:27 America/Bogota] ✓ Conexión exitosa a MySQL
[10-Nov-2025 09:23:28 America/Bogota] ✓ Conexión exitosa a MySQL
[10-Nov-2025 09:23:28 America/Bogota] ✓ Conexión exitosa a MySQL
[10-Nov-2025 09:23:28 America/Bogota] ✓ Conexión exitosa a MySQL
[10-Nov-2025 09:23:28 America/Bogota] ✓ Conexión exitosa a MySQL
[10-Nov-2025 09:23:28 America/Bogota] ✓ Conexión exitosa a MySQL
[10-Nov-2025 09:27:22 America/Bogota] ✓ Conexión exitosa a MySQL
[10-Nov-2025 09:27:24 America/Bogota] ✓ Conexión exitosa a MySQL
[10-Nov-2025 09:27:24 America/Bogota] ✓ Conexión exitosa a MySQL
[10-Nov-2025 09:27:27 America/Bogota] ✓ Conexión exitosa a MySQL
[10-Nov-2025 09:27:27 America/Bogota] ✓ Conexión exitosa a MySQL
[10-Nov-2025 09:27:27 America/Bogota] ✓ Conexión exitosa a MySQL
[10-Nov-2025 09:27:49 America/Bogota] ✓ Conexión exitosa a MySQL
[10-Nov-2025 09:27:49 America/Bogota] ✓ Conexión exitosa a MySQL
[10-Nov-2025 09:27:49 America/Bogota] ✓ Conexión exitosa a MySQL
[10-Nov-2025 09:27:52 America/Bogota] ✓ Conexión exitosa a MySQL
[10-Nov-2025 09:27:52 America/Bogota] ✓ Conexión exitosa a MySQL
[10-Nov-2025 09:27:53 America/Bogota] ✓ Conexión exitosa a MySQL
[10-Nov-2025 09:27:53 America/Bogota] ✓ Conexión exitosa a MySQL
[10-Nov-2025 09:27:53 America/Bogota] ✓ Conexión exitosa a MySQL
[10-Nov-2025 09:27:56 America/Bogota] ✓ Conexión exitosa a MySQL
[10-Nov-2025 09:27:56 America/Bogota] ✓ Conexión exitosa a MySQL
[10-Nov-2025 09:27:56 America/Bogota] ✓ Conexión exitosa a MySQL
[10-Nov-2025 09:27:56 America/Bogota] ✓ Conexión exitosa a MySQL
[10-Nov-2025 09:27:56 America/Bogota] ✓ Conexión exitosa a MySQL
[10-Nov-2025 09:36:00 America/Bogota] ✓ Conexión exitosa a MySQL
[10-Nov-2025 09:36:00 America/Bogota] ✓ Conexión exitosa a MySQL
[10-Nov-2025 09:36:02 America/Bogota] ✓ Conexión exitosa a MySQL
[10-Nov-2025 09:36:02 America/Bogota] ✓ Conexión exitosa a MySQL
[10-Nov-2025 09:36:02 America/Bogota] ✓ Conexión exitosa a MySQL
[10-Nov-2025 09:36:11 America/Bogota] ✓ Conexión exitosa a MySQL
[10-Nov-2025 09:37:58 America/Bogota] ✓ Conexión exitosa a MySQL
[10-Nov-2025 09:37:58 America/Bogota] ✓ Conexión exitosa a MySQL
[10-Nov-2025 09:38:00 America/Bogota] ✓ Conexión exitosa a MySQL
[10-Nov-2025 09:38:00 America/Bogota] ✓ Conexión exitosa a MySQL
[10-Nov-2025 09:38:00 America/Bogota] ✓ Conexión exitosa a MySQL
[10-Nov-2025 09:38:12 America/Bogota] ✓ Conexión exitosa a MySQL
[10-Nov-2025 09:38:30 America/Bogota] ✓ Conexión exitosa a MySQL
[10-Nov-2025 09:47:18 America/Bogota] ✓ Conexión exitosa a MySQL
[10-Nov-2025 09:47:20 America/Bogota] ✓ Conexión exitosa a MySQL
[10-Nov-2025 09:47:20 America/Bogota] ✓ Conexión exitosa a MySQL
[10-Nov-2025 09:47:29 America/Bogota] ✓ Conexión exitosa a MySQL
[10-Nov-2025 09:47:29 America/Bogota] ✓ Conexión exitosa a MySQL
[10-Nov-2025 09:47:29 America/Bogota] ✓ Conexión exitosa a MySQL
[10-Nov-2025 09:47:29 America/Bogota] ✓ Conexión exitosa a MySQL
[10-Nov-2025 09:47:30 America/Bogota] ✓ Conexión exitosa a MySQL
[10-Nov-2025 09:47:30 America/Bogota] ✓ Conexión exitosa a MySQL
[10-Nov-2025 09:47:30 America/Bogota] ✓ Conexión exitosa a MySQL
[10-Nov-2025 09:51:10 America/Bogota] ✓ Conexión exitosa a MySQL
[10-Nov-2025 09:51:11 America/Bogota] ✓ Conexión exitosa a MySQL
[10-Nov-2025 09:51:11 America/Bogota] ✓ Conexión exitosa a MySQL
[10-Nov-2025 09:51:13 America/Bogota] ✓ Conexión exitosa a MySQL
[10-Nov-2025 09:51:13 America/Bogota] ✓ Conexión exitosa a MySQL
[10-Nov-2025 09:51:13 America/Bogota] ✓ Conexión exitosa a MySQL
[10-Nov-2025 09:51:13 America/Bogota] ✓ Conexión exitosa a MySQL
[10-Nov-2025 09:51:13 America/Bogota] ✓ Conexión exitosa a MySQL
[10-Nov-2025 09:51:16 America/Bogota] ✓ Conexión exitosa a MySQL
[10-Nov-2025 09:51:25 America/Bogota] ✓ Conexión exitosa a MySQL
[16-Nov-2025 23:48:34 America/Bogota] ✓ Conexión exitosa a MySQL
[16-Nov-2025 23:48:41 America/Bogota] ✓ Conexión exitosa a MySQL
[16-Nov-2025 23:48:41 America/Bogota] ✓ Conexión exitosa a MySQL
[16-Nov-2025 23:48:41 America/Bogota] ✓ Conexión exitosa a MySQL
[16-Nov-2025 23:48:48 America/Bogota] ✓ Conexión exitosa a MySQL
[16-Nov-2025 23:48:48 America/Bogota] ✓ Conexión exitosa a MySQL
[16-Nov-2025 23:48:48 America/Bogota] ✓ Conexión exitosa a MySQL
[16-Nov-2025 23:48:48 America/Bogota] ✓ Conexión exitosa a MySQL
[16-Nov-2025 23:48:49 America/Bogota] ✓ Conexión exitosa a MySQL
[16-Nov-2025 23:48:49 America/Bogota] ✓ Conexión exitosa a MySQL
[16-Nov-2025 23:48:49 America/Bogota] ✓ Conexión exitosa a MySQL
[22-Nov-2025 18:04:53 America/Bogota] ✓ Conexión exitosa a MySQL
[22-Nov-2025 18:04:55 America/Bogota] ✓ Conexión exitosa a MySQL
[22-Nov-2025 18:04:55 America/Bogota] ✓ Conexión exitosa a MySQL
[22-Nov-2025 18:05:00 America/Bogota] ✓ Conexión exitosa a MySQL
[22-Nov-2025 18:05:00 America/Bogota] ✓ Conexión exitosa a MySQL
[22-Nov-2025 18:05:00 America/Bogota] ✓ Conexión exitosa a MySQL
[22-Nov-2025 18:05:00 America/Bogota] ✓ Conexión exitosa a MySQL
[22-Nov-2025 18:05:00 America/Bogota] ✓ Conexión exitosa a MySQL
[22-Nov-2025 18:05:17 America/Bogota] ✓ Conexión exitosa a MySQL
[22-Nov-2025 18:50:42 America/Bogota] ✓ Conexión exitosa a MySQL
[22-Nov-2025 18:50:42 America/Bogota] ✓ Conexión exitosa a MySQL
[22-Nov-2025 18:50:42 America/Bogota] ✓ Conexión exitosa a MySQL
[22-Nov-2025 18:50:42 America/Bogota] ✓ Conexión exitosa a MySQL
[22-Nov-2025 18:50:42 America/Bogota] ✓ Conexión exitosa a MySQL
[22-Nov-2025 18:50:51 America/Bogota] ✓ Conexión exitosa a MySQL
[22-Nov-2025 18:52:21 America/Bogota] ✓ Conexión exitosa a MySQL
[22-Nov-2025 18:52:21 America/Bogota] ✓ Conexión exitosa a MySQL
[22-Nov-2025 18:52:23 America/Bogota] ✓ Conexión exitosa a MySQL
[22-Nov-2025 18:52:23 America/Bogota] ✓ Conexión exitosa a MySQL
[22-Nov-2025 18:52:23 America/Bogota] ✓ Conexión exitosa a MySQL
[22-Nov-2025 18:52:38 America/Bogota] ✓ Conexión exitosa a MySQL
[22-Nov-2025 19:07:47 America/Bogota] ✓ Conexión exitosa a MySQL
[22-Nov-2025 19:07:50 America/Bogota] ✓ Conexión exitosa a MySQL
[22-Nov-2025 19:07:50 America/Bogota] ✓ Conexión exitosa a MySQL
[22-Nov-2025 19:07:50 America/Bogota] PHP Fatal error:  Uncaught Error: Call to undefined method Utils::sendSuccess() in C:\xampp\htdocs\gestion3d\api\api_cotizaciones.php:258
Stack trace:
#0 {main}
  thrown in C:\xampp\htdocs\gestion3d\api\api_cotizaciones.php on line 258
[22-Nov-2025 19:07:51 America/Bogota] ✓ Conexión exitosa a MySQL
[22-Nov-2025 19:07:51 America/Bogota] ✓ Conexión exitosa a MySQL
[22-Nov-2025 19:07:54 America/Bogota] ✓ Conexión exitosa a MySQL
[22-Nov-2025 19:07:54 America/Bogota] ✓ Conexión exitosa a MySQL
[22-Nov-2025 19:07:54 America/Bogota] ✓ Conexión exitosa a MySQL
[22-Nov-2025 19:07:54 America/Bogota] PHP Fatal error:  Uncaught Error: Call to undefined method Utils::sendSuccess() in C:\xampp\htdocs\gestion3d\api\api_cotizaciones.php:258
Stack trace:
#0 {main}
  thrown in C:\xampp\htdocs\gestion3d\api\api_cotizaciones.php on line 258
[22-Nov-2025 19:08:21 America/Bogota] ✓ Conexión exitosa a MySQL
[22-Nov-2025 19:08:21 America/Bogota] ✓ Conexión exitosa a MySQL
[22-Nov-2025 19:08:23 America/Bogota] ✓ Conexión exitosa a MySQL
[22-Nov-2025 19:08:23 America/Bogota] ✓ Conexión exitosa a MySQL
[22-Nov-2025 19:08:23 America/Bogota] ✓ Conexión exitosa a MySQL
[22-Nov-2025 19:08:23 America/Bogota] PHP Fatal error:  Uncaught Error: Call to undefined method Utils::sendSuccess() in C:\xampp\htdocs\gestion3d\api\api_cotizaciones.php:258
Stack trace:
#0 {main}
  thrown in C:\xampp\htdocs\gestion3d\api\api_cotizaciones.php on line 258
[22-Nov-2025 19:08:28 America/Bogota] ✓ Conexión exitosa a MySQL
[22-Nov-2025 19:08:28 America/Bogota] PHP Fatal error:  Uncaught Error: Call to undefined method Utils::sendSuccess() in C:\xampp\htdocs\gestion3d\api\api_cotizaciones.php:248
Stack trace:
#0 {main}
  thrown in C:\xampp\htdocs\gestion3d\api\api_cotizaciones.php on line 248
[22-Nov-2025 19:16:05 America/Bogota] ✓ Conexión exitosa a MySQL
[22-Nov-2025 19:20:20 America/Bogota] ✓ Conexión exitosa a MySQL
[22-Nov-2025 19:20:20 America/Bogota] ✓ Conexión exitosa a MySQL
[22-Nov-2025 19:20:23 America/Bogota] ✓ Conexión exitosa a MySQL
[22-Nov-2025 19:20:23 America/Bogota] ✓ Conexión exitosa a MySQL
[22-Nov-2025 19:20:23 America/Bogota] config.php cargado exitosamente
[22-Nov-2025 19:20:23 America/Bogota] ✓ Conexión exitosa a MySQL
[22-Nov-2025 19:20:23 America/Bogota] Conexión a BD establecida
[22-Nov-2025 19:20:23 America/Bogota] Action recibida: list
[22-Nov-2025 19:20:23 America/Bogota] === CASO LIST ===
[22-Nov-2025 19:20:23 America/Bogota] Cotizaciones encontradas: 30
[22-Nov-2025 19:20:23 America/Bogota] === API COTIZACIONES - FIN ===
[22-Nov-2025 19:20:25 America/Bogota] ✓ Conexión exitosa a MySQL
[22-Nov-2025 19:20:25 America/Bogota] ✓ Conexión exitosa a MySQL
[22-Nov-2025 19:20:26 America/Bogota] ✓ Conexión exitosa a MySQL
[22-Nov-2025 19:20:26 America/Bogota] ✓ Conexión exitosa a MySQL
[22-Nov-2025 19:20:26 America/Bogota] config.php cargado exitosamente
[22-Nov-2025 19:20:26 America/Bogota] ✓ Conexión exitosa a MySQL
[22-Nov-2025 19:20:26 America/Bogota] Conexión a BD establecida
[22-Nov-2025 19:20:26 America/Bogota] Action recibida: list
[22-Nov-2025 19:20:26 America/Bogota] === CASO LIST ===
[22-Nov-2025 19:20:26 America/Bogota] Cotizaciones encontradas: 30
[22-Nov-2025 19:20:26 America/Bogota] === API COTIZACIONES - FIN ===
[22-Nov-2025 19:20:37 America/Bogota] config.php cargado exitosamente
[22-Nov-2025 19:20:37 America/Bogota] ✓ Conexión exitosa a MySQL
[22-Nov-2025 19:20:37 America/Bogota] Conexión a BD establecida
[22-Nov-2025 19:20:37 America/Bogota] Action recibida: create
[22-Nov-2025 19:20:37 America/Bogota] === CASO CREATE ===
[22-Nov-2025 19:20:37 America/Bogota] Raw input recibido: {"nombrePieza":"Benchy","costoCarrete":80000,"pesoCarrete":1,"pesoPieza":50,"tiempoImpresion":120,"horasDiseno":2,"costoHoraDiseno":25000,"factorSeguridad":1.1,"usoElectricidad":600,"gif":15,"aiu":25,
[22-Nov-2025 19:20:37 America/Bogota] Datos decodificados correctamente. Keys: nombrePieza, costoCarrete, pesoCarrete, pesoPieza, tiempoImpresion, horasDiseno, costoHoraDiseno, factorSeguridad, usoElectricidad, gif, aiu, margenMinorista, margenMayorista, incluirMarcaAgua, porcentajeMarcaAgua, cantidadPiezas, piezasPorLote
[22-Nov-2025 19:20:37 America/Bogota] Validación de campos OK
[22-Nov-2025 19:20:37 America/Bogota] ID generado: 1763857237_35cb26525
[22-Nov-2025 19:20:37 America/Bogota] Transacción iniciada
[22-Nov-2025 19:20:37 America/Bogota] === INSERTANDO COTIZACIÓN ===
[22-Nov-2025 19:20:38 America/Bogota] Cotización insertada exitosamente
[22-Nov-2025 19:20:38 America/Bogota] === CALCULANDO PRECIOS ===
[22-Nov-2025 19:20:38 America/Bogota] Costo carrete: 80000, Peso carrete: 1
[22-Nov-2025 19:20:38 America/Bogota] Costo fabricación: 4400000
[22-Nov-2025 19:20:38 America/Bogota] Costo energía: 1200
[22-Nov-2025 19:20:38 America/Bogota] Costo diseño: 50000
[22-Nov-2025 19:20:38 America/Bogota] Config depreciación: {"costo_inicial":1400000,"valor_residual":0.1,"vida_util":3,"horas_mensuales":210}
[22-Nov-2025 19:20:38 America/Bogota] Depreciación máquina: 333.33333333333
[22-Nov-2025 19:20:38 America/Bogota] Subtotal: 4451533.3333333
[22-Nov-2025 19:20:38 America/Bogota] GIF: 667730, AIU: 1279815.8333333
[22-Nov-2025 19:20:38 America/Bogota] Marca agua: 0
[22-Nov-2025 19:20:38 America/Bogota] Precio final: 6399079.1666667
[22-Nov-2025 19:20:38 America/Bogota] Minorista: 8318802.9166667, Mayorista: 7678895
[22-Nov-2025 19:20:38 America/Bogota] Totales calculados OK
[22-Nov-2025 19:20:38 America/Bogota] === INSERTANDO CÁLCULOS ===
[22-Nov-2025 19:20:38 America/Bogota] Cálculos insertados exitosamente
[22-Nov-2025 19:20:38 America/Bogota] Transacción completada
[22-Nov-2025 19:20:38 America/Bogota] === PREPARANDO RESPUESTA ===
[22-Nov-2025 19:20:38 America/Bogota] Respuesta preparada. Keys: id, nombre_pieza, peso_pieza, tiempo_impresion, cantidad_piezas, costo_fabricacion, costo_energia, costo_diseno, depreciacion_maquina, subtotal, costo_gif, costo_aiu, costo_marca_agua, precio_final, precio_minorista, precio_mayorista, numero_lotes, costo_por_lote, costo_total_pedido, tiempo_total_horas, filamento_total_gramos
[22-Nov-2025 19:20:38 America/Bogota] === API COTIZACIONES - FIN EXITOSO ===
[22-Nov-2025 19:20:38 America/Bogota] === API COTIZACIONES - FIN ===
[22-Nov-2025 19:38:55 America/Bogota] ✓ Conexión exitosa a MySQL
[22-Nov-2025 19:38:55 America/Bogota] ✓ Conexión exitosa a MySQL
[22-Nov-2025 19:38:58 America/Bogota] ✓ Conexión exitosa a MySQL
[22-Nov-2025 19:38:58 America/Bogota] ✓ Conexión exitosa a MySQL
[22-Nov-2025 19:38:58 America/Bogota] ✓ Conexión exitosa a MySQL
[22-Nov-2025 19:38:58 America/Bogota] PHP Fatal error:  Uncaught Error: Call to undefined method Utils::sendSuccess() in C:\xampp\htdocs\gestion3d\api\api_cotizaciones.php:261
Stack trace:
#0 {main}
  thrown in C:\xampp\htdocs\gestion3d\api\api_cotizaciones.php on line 261
[22-Nov-2025 19:38:59 America/Bogota] ✓ Conexión exitosa a MySQL
[22-Nov-2025 19:38:59 America/Bogota] ✓ Conexión exitosa a MySQL
[22-Nov-2025 19:39:00 America/Bogota] ✓ Conexión exitosa a MySQL
[22-Nov-2025 19:39:00 America/Bogota] ✓ Conexión exitosa a MySQL
[22-Nov-2025 19:39:00 America/Bogota] ✓ Conexión exitosa a MySQL
[22-Nov-2025 19:39:00 America/Bogota] PHP Fatal error:  Uncaught Error: Call to undefined method Utils::sendSuccess() in C:\xampp\htdocs\gestion3d\api\api_cotizaciones.php:261
Stack trace:
#0 {main}
  thrown in C:\xampp\htdocs\gestion3d\api\api_cotizaciones.php on line 261
[22-Nov-2025 19:39:14 America/Bogota] ✓ Conexión exitosa a MySQL
[22-Nov-2025 19:39:14 America/Bogota] PHP Fatal error:  Uncaught Error: Call to undefined method Utils::sendSuccess() in C:\xampp\htdocs\gestion3d\api\api_cotizaciones.php:251
Stack trace:
#0 {main}
  thrown in C:\xampp\htdocs\gestion3d\api\api_cotizaciones.php on line 251
[22-Nov-2025 19:47:02 America/Bogota] ✓ Conexión exitosa a MySQL
[22-Nov-2025 19:47:59 America/Bogota] ✓ Conexión exitosa a MySQL
[22-Nov-2025 19:47:59 America/Bogota] ✓ Conexión exitosa a MySQL
[22-Nov-2025 19:48:01 America/Bogota] ✓ Conexión exitosa a MySQL
[22-Nov-2025 19:48:01 America/Bogota] ✓ Conexión exitosa a MySQL
[22-Nov-2025 19:48:01 America/Bogota] ✓ Conexión exitosa a MySQL
[22-Nov-2025 19:48:03 America/Bogota] ✓ Conexión exitosa a MySQL
[22-Nov-2025 19:48:03 America/Bogota] ✓ Conexión exitosa a MySQL
[22-Nov-2025 19:48:04 America/Bogota] ✓ Conexión exitosa a MySQL
[22-Nov-2025 19:48:04 America/Bogota] ✓ Conexión exitosa a MySQL
[22-Nov-2025 19:48:04 America/Bogota] ✓ Conexión exitosa a MySQL
[22-Nov-2025 19:48:14 America/Bogota] ✓ Conexión exitosa a MySQL
[22-Nov-2025 19:48:37 America/Bogota] ✓ Conexión exitosa a MySQL
[22-Nov-2025 19:49:33 America/Bogota] ✓ Conexión exitosa a MySQL
[22-Nov-2025 22:35:00 America/Bogota] ✓ Conexión exitosa a MySQL
[22-Nov-2025 22:35:00 America/Bogota] ✓ Conexión exitosa a MySQL
[22-Nov-2025 22:35:06 America/Bogota] ✓ Conexión exitosa a MySQL
[22-Nov-2025 23:00:25 America/Bogota] ✓ Conexión exitosa a MySQL
[22-Nov-2025 23:00:28 America/Bogota] ✓ Conexión exitosa a MySQL
[22-Nov-2025 23:00:28 America/Bogota] ✓ Conexión exitosa a MySQL
[22-Nov-2025 23:00:29 America/Bogota] ✓ Conexión exitosa a MySQL
[22-Nov-2025 23:00:29 America/Bogota] ✓ Conexión exitosa a MySQL
[22-Nov-2025 23:00:30 America/Bogota] ✓ Conexión exitosa a MySQL
[22-Nov-2025 23:00:30 America/Bogota] ✓ Conexión exitosa a MySQL
[22-Nov-2025 23:00:30 America/Bogota] ✓ Conexión exitosa a MySQL
[22-Nov-2025 23:00:31 America/Bogota] ✓ Conexión exitosa a MySQL
[22-Nov-2025 23:00:31 America/Bogota] ✓ Conexión exitosa a MySQL
[22-Nov-2025 23:00:32 America/Bogota] ✓ Conexión exitosa a MySQL
[22-Nov-2025 23:00:32 America/Bogota] ✓ Conexión exitosa a MySQL
[22-Nov-2025 23:00:32 America/Bogota] ✓ Conexión exitosa a MySQL
[22-Nov-2025 23:00:54 America/Bogota] ✓ Conexión exitosa a MySQL
[22-Nov-2025 23:04:52 America/Bogota] ✓ Conexión exitosa a MySQL
[22-Nov-2025 23:04:52 America/Bogota] ✓ Conexión exitosa a MySQL
[22-Nov-2025 23:04:54 America/Bogota] ✓ Conexión exitosa a MySQL
[22-Nov-2025 23:04:54 America/Bogota] ✓ Conexión exitosa a MySQL
[22-Nov-2025 23:04:54 America/Bogota] ✓ Conexión exitosa a MySQL
[22-Nov-2025 23:04:55 America/Bogota] ✓ Conexión exitosa a MySQL
[22-Nov-2025 23:04:55 America/Bogota] ✓ Conexión exitosa a MySQL
[22-Nov-2025 23:04:56 America/Bogota] ✓ Conexión exitosa a MySQL
[22-Nov-2025 23:04:56 America/Bogota] ✓ Conexión exitosa a MySQL
[22-Nov-2025 23:04:56 America/Bogota] ✓ Conexión exitosa a MySQL
[22-Nov-2025 23:05:11 America/Bogota] ✓ Conexión exitosa a MySQL
[22-Nov-2025 23:06:39 America/Bogota] ✓ Conexión exitosa a MySQL
[22-Nov-2025 23:11:10 America/Bogota] ✓ Conexión exitosa a MySQL
[22-Nov-2025 23:11:10 America/Bogota] ✓ Conexión exitosa a MySQL
[22-Nov-2025 23:11:13 America/Bogota] ✓ Conexión exitosa a MySQL
[22-Nov-2025 23:11:13 America/Bogota] ✓ Conexión exitosa a MySQL
[22-Nov-2025 23:11:13 America/Bogota] ✓ Conexión exitosa a MySQL
[22-Nov-2025 23:11:14 America/Bogota] ✓ Conexión exitosa a MySQL
[22-Nov-2025 23:11:14 America/Bogota] ✓ Conexión exitosa a MySQL
[22-Nov-2025 23:11:14 America/Bogota] ✓ Conexión exitosa a MySQL
[22-Nov-2025 23:11:14 America/Bogota] ✓ Conexión exitosa a MySQL
[22-Nov-2025 23:11:14 America/Bogota] ✓ Conexión exitosa a MySQL
[22-Nov-2025 23:11:38 America/Bogota] ✓ Conexión exitosa a MySQL
[22-Nov-2025 23:12:47 America/Bogota] ✓ Conexión exitosa a MySQL
[22-Nov-2025 23:12:47 America/Bogota] ✓ Conexión exitosa a MySQL
[22-Nov-2025 23:12:50 America/Bogota] ✓ Conexión exitosa a MySQL
[22-Nov-2025 23:12:50 America/Bogota] ✓ Conexión exitosa a MySQL
[22-Nov-2025 23:12:50 America/Bogota] ✓ Conexión exitosa a MySQL
[22-Nov-2025 23:24:13 America/Bogota] ✓ Conexión exitosa a MySQL
[22-Nov-2025 23:24:13 America/Bogota] ✓ Conexión exitosa a MySQL
[22-Nov-2025 23:24:16 America/Bogota] ✓ Conexión exitosa a MySQL
[22-Nov-2025 23:24:16 America/Bogota] ✓ Conexión exitosa a MySQL
[22-Nov-2025 23:24:16 America/Bogota] ✓ Conexión exitosa a MySQL
[22-Nov-2025 23:24:17 America/Bogota] ✓ Conexión exitosa a MySQL
[22-Nov-2025 23:24:17 America/Bogota] ✓ Conexión exitosa a MySQL
[22-Nov-2025 23:24:18 America/Bogota] ✓ Conexión exitosa a MySQL
[22-Nov-2025 23:24:18 America/Bogota] ✓ Conexión exitosa a MySQL
[22-Nov-2025 23:24:18 America/Bogota] ✓ Conexión exitosa a MySQL
[22-Nov-2025 23:24:30 America/Bogota] ✓ Conexión exitosa a MySQL
[22-Nov-2025 23:25:52 America/Bogota] ✓ Conexión exitosa a MySQL
[23-Nov-2025 00:07:09 America/Bogota] ✓ Conexión exitosa a MySQL
[23-Nov-2025 00:07:15 America/Bogota] ✓ Conexión exitosa a MySQL
[23-Nov-2025 00:07:19 America/Bogota] ✓ Conexión exitosa a MySQL
[23-Nov-2025 00:07:19 America/Bogota] ✓ Conexión exitosa a MySQL
[23-Nov-2025 00:07:24 America/Bogota] ✓ Conexión exitosa a MySQL
[23-Nov-2025 00:07:24 America/Bogota] ✓ Conexión exitosa a MySQL
[23-Nov-2025 00:07:25 America/Bogota] ✓ Conexión exitosa a MySQL
[23-Nov-2025 00:07:25 America/Bogota] ✓ Conexión exitosa a MySQL
[23-Nov-2025 00:10:57 America/Bogota] ✓ Conexión exitosa a MySQL
[23-Nov-2025 00:10:57 America/Bogota] PHP Fatal error:  Uncaught Error: Class "APIHelper" not found in C:\xampp\htdocs\gestion3d\api\api_maquinas.php:178
Stack trace:
#0 C:\xampp\htdocs\gestion3d\api\api_maquinas.php(27): actualizarMaquina(Object(Database))
#1 {main}
  thrown in C:\xampp\htdocs\gestion3d\api\api_maquinas.php on line 178
[23-Nov-2025 00:11:11 America/Bogota] ✓ Conexión exitosa a MySQL
[23-Nov-2025 00:11:11 America/Bogota] PHP Fatal error:  Uncaught Error: Class "APIHelper" not found in C:\xampp\htdocs\gestion3d\api\api_maquinas.php:178
Stack trace:
#0 C:\xampp\htdocs\gestion3d\api\api_maquinas.php(27): actualizarMaquina(Object(Database))
#1 {main}
  thrown in C:\xampp\htdocs\gestion3d\api\api_maquinas.php on line 178
[23-Nov-2025 00:11:12 America/Bogota] ✓ Conexión exitosa a MySQL
[23-Nov-2025 00:11:12 America/Bogota] PHP Fatal error:  Uncaught Error: Class "APIHelper" not found in C:\xampp\htdocs\gestion3d\api\api_maquinas.php:178
Stack trace:
#0 C:\xampp\htdocs\gestion3d\api\api_maquinas.php(27): actualizarMaquina(Object(Database))
#1 {main}
  thrown in C:\xampp\htdocs\gestion3d\api\api_maquinas.php on line 178
[23-Nov-2025 00:11:12 America/Bogota] ✓ Conexión exitosa a MySQL
[23-Nov-2025 00:11:12 America/Bogota] PHP Fatal error:  Uncaught Error: Class "APIHelper" not found in C:\xampp\htdocs\gestion3d\api\api_maquinas.php:178
Stack trace:
#0 C:\xampp\htdocs\gestion3d\api\api_maquinas.php(27): actualizarMaquina(Object(Database))
#1 {main}
  thrown in C:\xampp\htdocs\gestion3d\api\api_maquinas.php on line 178
[23-Nov-2025 00:11:12 America/Bogota] ✓ Conexión exitosa a MySQL
[23-Nov-2025 00:11:12 America/Bogota] PHP Fatal error:  Uncaught Error: Class "APIHelper" not found in C:\xampp\htdocs\gestion3d\api\api_maquinas.php:178
Stack trace:
#0 C:\xampp\htdocs\gestion3d\api\api_maquinas.php(27): actualizarMaquina(Object(Database))
#1 {main}
  thrown in C:\xampp\htdocs\gestion3d\api\api_maquinas.php on line 178
[23-Nov-2025 00:11:12 America/Bogota] ✓ Conexión exitosa a MySQL
[23-Nov-2025 00:11:12 America/Bogota] PHP Fatal error:  Uncaught Error: Class "APIHelper" not found in C:\xampp\htdocs\gestion3d\api\api_maquinas.php:178
Stack trace:
#0 C:\xampp\htdocs\gestion3d\api\api_maquinas.php(27): actualizarMaquina(Object(Database))
#1 {main}
  thrown in C:\xampp\htdocs\gestion3d\api\api_maquinas.php on line 178
[23-Nov-2025 00:11:46 America/Bogota] ✓ Conexión exitosa a MySQL
[23-Nov-2025 00:11:48 America/Bogota] ✓ Conexión exitosa a MySQL
[23-Nov-2025 00:11:48 America/Bogota] ✓ Conexión exitosa a MySQL
[23-Nov-2025 00:11:50 America/Bogota] ✓ Conexión exitosa a MySQL
[23-Nov-2025 00:11:50 America/Bogota] ✓ Conexión exitosa a MySQL
[23-Nov-2025 00:11:51 America/Bogota] ✓ Conexión exitosa a MySQL
[23-Nov-2025 00:11:51 America/Bogota] ✓ Conexión exitosa a MySQL
[23-Nov-2025 00:11:51 America/Bogota] ✓ Conexión exitosa a MySQL
[23-Nov-2025 00:11:57 America/Bogota] ✓ Conexión exitosa a MySQL
[23-Nov-2025 00:11:57 America/Bogota] ✓ Conexión exitosa a MySQL
[23-Nov-2025 00:11:57 America/Bogota] ✓ Conexión exitosa a MySQL
[23-Nov-2025 00:11:59 America/Bogota] ✓ Conexión exitosa a MySQL
[23-Nov-2025 00:11:59 America/Bogota] ✓ Conexión exitosa a MySQL
[23-Nov-2025 00:12:00 America/Bogota] ✓ Conexión exitosa a MySQL
[23-Nov-2025 00:12:00 America/Bogota] ✓ Conexión exitosa a MySQL
[23-Nov-2025 00:12:20 America/Bogota] ✓ Conexión exitosa a MySQL
[23-Nov-2025 00:12:20 America/Bogota] PHP Fatal error:  Uncaught Error: Class "APIHelper" not found in C:\xampp\htdocs\gestion3d\api\api_maquinas.php:178
Stack trace:
#0 C:\xampp\htdocs\gestion3d\api\api_maquinas.php(27): actualizarMaquina(Object(Database))
#1 {main}
  thrown in C:\xampp\htdocs\gestion3d\api\api_maquinas.php on line 178
[23-Nov-2025 00:16:17 America/Bogota] ✓ Conexión exitosa a MySQL
[23-Nov-2025 00:16:19 America/Bogota] ✓ Conexión exitosa a MySQL
[23-Nov-2025 00:16:20 America/Bogota] ✓ Conexión exitosa a MySQL
[23-Nov-2025 00:16:22 America/Bogota] ✓ Conexión exitosa a MySQL
[23-Nov-2025 00:16:22 America/Bogota] ✓ Conexión exitosa a MySQL
[23-Nov-2025 00:16:22 America/Bogota] ✓ Conexión exitosa a MySQL
[23-Nov-2025 00:16:22 America/Bogota] ✓ Conexión exitosa a MySQL
[23-Nov-2025 00:16:30 America/Bogota] ✓ Conexión exitosa a MySQL
[23-Nov-2025 00:16:30 America/Bogota] ✓ Conexión exitosa a MySQL
[23-Nov-2025 00:18:43 America/Bogota] ✓ Conexión exitosa a MySQL
[23-Nov-2025 00:18:43 America/Bogota] ✓ Conexión exitosa a MySQL
[23-Nov-2025 00:20:29 America/Bogota] ✓ Conexión exitosa a MySQL
[23-Nov-2025 00:20:29 America/Bogota] ✓ Conexión exitosa a MySQL
[23-Nov-2025 00:21:04 America/Bogota] ✓ Conexión exitosa a MySQL
[23-Nov-2025 00:21:04 America/Bogota] ✓ Conexión exitosa a MySQL
[23-Nov-2025 00:22:40 America/Bogota] ✓ Conexión exitosa a MySQL
[23-Nov-2025 00:22:40 America/Bogota] ✓ Conexión exitosa a MySQL
[23-Nov-2025 00:23:38 America/Bogota] ✓ Conexión exitosa a MySQL
[23-Nov-2025 00:23:38 America/Bogota] ✓ Conexión exitosa a MySQL
[23-Nov-2025 00:23:55 America/Bogota] ✓ Conexión exitosa a MySQL
[23-Nov-2025 00:23:55 America/Bogota] ✓ Conexión exitosa a MySQL
[23-Nov-2025 00:24:00 America/Bogota] ✓ Conexión exitosa a MySQL
[23-Nov-2025 00:24:01 America/Bogota] ✓ Conexión exitosa a MySQL
[23-Nov-2025 00:24:01 America/Bogota] ✓ Conexión exitosa a MySQL
[23-Nov-2025 01:01:00 America/Bogota] ✓ Conexión exitosa a MySQL
[23-Nov-2025 01:01:00 America/Bogota] ✓ Conexión exitosa a MySQL
[23-Nov-2025 01:01:00 America/Bogota] ✓ Conexión exitosa a MySQL
[23-Nov-2025 01:01:03 America/Bogota] ✓ Conexión exitosa a MySQL
[23-Nov-2025 01:01:03 America/Bogota] ✓ Conexión exitosa a MySQL
[23-Nov-2025 01:01:03 America/Bogota] ✓ Conexión exitosa a MySQL
[23-Nov-2025 01:01:27 America/Bogota] ✓ Conexión exitosa a MySQL
[23-Nov-2025 01:01:59 America/Bogota] ✓ Conexión exitosa a MySQL
[23-Nov-2025 01:02:51 America/Bogota] ✓ Conexión exitosa a MySQL
[23-Nov-2025 01:03:12 America/Bogota] ✓ Conexión exitosa a MySQL
[23-Nov-2025 01:03:53 America/Bogota] ✓ Conexión exitosa a MySQL
[23-Nov-2025 01:03:53 America/Bogota] ✓ Conexión exitosa a MySQL
[23-Nov-2025 01:03:53 America/Bogota] ✓ Conexión exitosa a MySQL
[23-Nov-2025 01:03:55 America/Bogota] ✓ Conexión exitosa a MySQL
[23-Nov-2025 01:03:55 America/Bogota] ✓ Conexión exitosa a MySQL
[23-Nov-2025 01:03:55 America/Bogota] ✓ Conexión exitosa a MySQL
[23-Nov-2025 01:05:38 America/Bogota] ✓ Conexión exitosa a MySQL
[23-Nov-2025 01:09:17 America/Bogota] ✓ Conexión exitosa a MySQL
[23-Nov-2025 01:09:25 America/Bogota] ✓ Conexión exitosa a MySQL
[23-Nov-2025 01:09:25 America/Bogota] ✓ Conexión exitosa a MySQL
[23-Nov-2025 01:09:27 America/Bogota] ✓ Conexión exitosa a MySQL
[23-Nov-2025 01:09:27 America/Bogota] ✓ Conexión exitosa a MySQL
[23-Nov-2025 01:09:29 America/Bogota] ✓ Conexión exitosa a MySQL
[23-Nov-2025 01:09:29 America/Bogota] ✓ Conexión exitosa a MySQL
[23-Nov-2025 01:09:30 America/Bogota] ✓ Conexión exitosa a MySQL
[23-Nov-2025 01:09:30 America/Bogota] ✓ Conexión exitosa a MySQL
[23-Nov-2025 01:09:55 America/Bogota] ✓ Conexión exitosa a MySQL
[23-Nov-2025 01:09:55 America/Bogota] ✓ Conexión exitosa a MySQL
[23-Nov-2025 01:09:55 America/Bogota] ✓ Conexión exitosa a MySQL
[23-Nov-2025 01:09:55 America/Bogota] ✓ Conexión exitosa a MySQL
[23-Nov-2025 09:15:26 America/Bogota] ✓ Conexión exitosa a MySQL
[23-Nov-2025 09:15:34 America/Bogota] ✓ Conexión exitosa a MySQL
[23-Nov-2025 09:15:34 America/Bogota] ✓ Conexión exitosa a MySQL
[23-Nov-2025 09:15:34 America/Bogota] ✓ Conexión exitosa a MySQL
[23-Nov-2025 09:15:35 America/Bogota] ✓ Conexión exitosa a MySQL
[23-Nov-2025 09:15:35 America/Bogota] ✓ Conexión exitosa a MySQL
[23-Nov-2025 09:15:35 America/Bogota] ✓ Conexión exitosa a MySQL
[23-Nov-2025 09:15:50 America/Bogota] ✓ Conexión exitosa a MySQL
[23-Nov-2025 09:15:50 America/Bogota] ✓ Conexión exitosa a MySQL
[23-Nov-2025 09:15:51 America/Bogota] ✓ Conexión exitosa a MySQL
[23-Nov-2025 09:15:51 America/Bogota] ✓ Conexión exitosa a MySQL
[23-Nov-2025 09:15:59 America/Bogota] ✓ Conexión exitosa a MySQL
[23-Nov-2025 09:15:59 America/Bogota] ✓ Conexión exitosa a MySQL
[23-Nov-2025 09:15:59 America/Bogota] ✓ Conexión exitosa a MySQL
[23-Nov-2025 09:15:59 America/Bogota] ✓ Conexión exitosa a MySQL
[23-Nov-2025 09:15:59 America/Bogota] ✓ Conexión exitosa a MySQL
[23-Nov-2025 09:15:59 America/Bogota] ✓ Conexión exitosa a MySQL
[23-Nov-2025 09:17:29 America/Bogota] ✓ Conexión exitosa a MySQL
[23-Nov-2025 09:21:30 America/Bogota] ✓ Conexión exitosa a MySQL
[23-Nov-2025 09:21:30 America/Bogota] ✓ Conexión exitosa a MySQL
[23-Nov-2025 09:21:32 America/Bogota] ✓ Conexión exitosa a MySQL
[23-Nov-2025 09:21:32 America/Bogota] ✓ Conexión exitosa a MySQL
[23-Nov-2025 09:21:36 America/Bogota] ✓ Conexión exitosa a MySQL
[23-Nov-2025 09:21:36 America/Bogota] ✓ Conexión exitosa a MySQL
[23-Nov-2025 09:21:36 America/Bogota] ✓ Conexión exitosa a MySQL
[23-Nov-2025 09:22:03 America/Bogota] ✓ Conexión exitosa a MySQL
[23-Nov-2025 09:22:03 America/Bogota] ✓ Conexión exitosa a MySQL
[23-Nov-2025 09:22:04 America/Bogota] ✓ Conexión exitosa a MySQL
[23-Nov-2025 09:22:04 America/Bogota] ✓ Conexión exitosa a MySQL
[23-Nov-2025 09:22:06 America/Bogota] ✓ Conexión exitosa a MySQL
[23-Nov-2025 09:22:06 America/Bogota] ✓ Conexión exitosa a MySQL
[23-Nov-2025 09:22:06 America/Bogota] ✓ Conexión exitosa a MySQL
[23-Nov-2025 09:22:06 America/Bogota] ✓ Conexión exitosa a MySQL
[23-Nov-2025 09:22:06 America/Bogota] ✓ Conexión exitosa a MySQL
[23-Nov-2025 09:22:06 America/Bogota] ✓ Conexión exitosa a MySQL
[23-Nov-2025 09:22:21 America/Bogota] ✓ Conexión exitosa a MySQL
[23-Nov-2025 09:22:21 America/Bogota] ✓ Conexión exitosa a MySQL
[23-Nov-2025 09:22:22 America/Bogota] ✓ Conexión exitosa a MySQL
[23-Nov-2025 09:22:22 America/Bogota] ✓ Conexión exitosa a MySQL
[23-Nov-2025 09:22:42 America/Bogota] ✓ Conexión exitosa a MySQL
[23-Nov-2025 09:22:42 America/Bogota] ✓ Conexión exitosa a MySQL
[23-Nov-2025 09:22:43 America/Bogota] ✓ Conexión exitosa a MySQL
[23-Nov-2025 09:22:43 America/Bogota] ✓ Conexión exitosa a MySQL
[23-Nov-2025 09:22:43 America/Bogota] ✓ Conexión exitosa a MySQL
[23-Nov-2025 09:22:43 America/Bogota] ✓ Conexión exitosa a MySQL
[23-Nov-2025 09:22:43 America/Bogota] ✓ Conexión exitosa a MySQL
[23-Nov-2025 09:22:51 America/Bogota] ✓ Conexión exitosa a MySQL
[23-Nov-2025 09:22:51 America/Bogota] ✓ Conexión exitosa a MySQL
[23-Nov-2025 09:22:52 America/Bogota] ✓ Conexión exitosa a MySQL
[23-Nov-2025 09:22:52 America/Bogota] ✓ Conexión exitosa a MySQL
[23-Nov-2025 09:22:54 America/Bogota] ✓ Conexión exitosa a MySQL
[23-Nov-2025 09:22:54 America/Bogota] ✓ Conexión exitosa a MySQL
[23-Nov-2025 09:22:54 America/Bogota] ✓ Conexión exitosa a MySQL
[23-Nov-2025 09:22:54 America/Bogota] ✓ Conexión exitosa a MySQL
[23-Nov-2025 09:22:54 America/Bogota] ✓ Conexión exitosa a MySQL
[23-Nov-2025 09:22:54 America/Bogota] ✓ Conexión exitosa a MySQL
[23-Nov-2025 10:02:54 America/Bogota] ✓ Conexión exitosa a MySQL
[23-Nov-2025 10:02:54 America/Bogota] ✓ Conexión exitosa a MySQL
[23-Nov-2025 10:02:56 America/Bogota] ✓ Conexión exitosa a MySQL
[23-Nov-2025 10:02:57 America/Bogota] ✓ Conexión exitosa a MySQL
[23-Nov-2025 10:03:01 America/Bogota] ✓ Conexión exitosa a MySQL
[23-Nov-2025 10:03:01 America/Bogota] ✓ Conexión exitosa a MySQL
[23-Nov-2025 10:03:02 America/Bogota] ✓ Conexión exitosa a MySQL
[23-Nov-2025 10:03:02 America/Bogota] ✓ Conexión exitosa a MySQL
[23-Nov-2025 10:03:04 America/Bogota] ✓ Conexión exitosa a MySQL
[23-Nov-2025 10:03:05 America/Bogota] ✓ Conexión exitosa a MySQL
[23-Nov-2025 10:03:05 America/Bogota] ✓ Conexión exitosa a MySQL
[23-Nov-2025 10:04:58 America/Bogota] ✓ Conexión exitosa a MySQL
[23-Nov-2025 10:04:58 America/Bogota] ✓ Conexión exitosa a MySQL
[23-Nov-2025 10:04:58 America/Bogota] ✓ Conexión exitosa a MySQL
[23-Nov-2025 10:04:59 America/Bogota] ✓ Conexión exitosa a MySQL
[23-Nov-2025 10:05:00 America/Bogota] ✓ Conexión exitosa a MySQL
[23-Nov-2025 10:05:00 America/Bogota] ✓ Conexión exitosa a MySQL
[23-Nov-2025 10:05:01 America/Bogota] ✓ Conexión exitosa a MySQL
[23-Nov-2025 10:05:01 America/Bogota] ✓ Conexión exitosa a MySQL
[23-Nov-2025 10:05:01 America/Bogota] ✓ Conexión exitosa a MySQL
[23-Nov-2025 10:05:01 America/Bogota] ✓ Conexión exitosa a MySQL
[23-Nov-2025 10:05:01 America/Bogota] ✓ Conexión exitosa a MySQL
[23-Nov-2025 10:05:51 America/Bogota] ✓ Conexión exitosa a MySQL
[23-Nov-2025 10:05:51 America/Bogota] ✓ Conexión exitosa a MySQL
[23-Nov-2025 10:05:52 America/Bogota] ✓ Conexión exitosa a MySQL
[23-Nov-2025 10:05:52 America/Bogota] ✓ Conexión exitosa a MySQL
[23-Nov-2025 10:05:54 America/Bogota] ✓ Conexión exitosa a MySQL
[23-Nov-2025 10:05:54 America/Bogota] ✓ Conexión exitosa a MySQL
[23-Nov-2025 10:05:54 America/Bogota] ✓ Conexión exitosa a MySQL
[23-Nov-2025 10:05:55 America/Bogota] ✓ Conexión exitosa a MySQL
[23-Nov-2025 10:05:55 America/Bogota] ✓ Conexión exitosa a MySQL
[23-Nov-2025 10:05:55 America/Bogota] ✓ Conexión exitosa a MySQL
[23-Nov-2025 10:06:47 America/Bogota] ✓ Conexión exitosa a MySQL
[23-Nov-2025 10:07:08 America/Bogota] ✓ Conexión exitosa a MySQL
[23-Nov-2025 10:07:08 America/Bogota] ✓ Conexión exitosa a MySQL
[23-Nov-2025 10:07:08 America/Bogota] ✓ Conexión exitosa a MySQL
[23-Nov-2025 10:07:08 America/Bogota] ✓ Conexión exitosa a MySQL
[23-Nov-2025 10:07:13 America/Bogota] ✓ Conexión exitosa a MySQL
[23-Nov-2025 10:07:13 America/Bogota] ✓ Conexión exitosa a MySQL
[23-Nov-2025 10:07:14 America/Bogota] ✓ Conexión exitosa a MySQL
[23-Nov-2025 10:07:14 America/Bogota] ✓ Conexión exitosa a MySQL
[23-Nov-2025 10:07:51 America/Bogota] ✓ Conexión exitosa a MySQL
[23-Nov-2025 10:07:51 America/Bogota] ✓ Conexión exitosa a MySQL
[23-Nov-2025 10:07:51 America/Bogota] ✓ Conexión exitosa a MySQL
[23-Nov-2025 10:07:51 America/Bogota] ✓ Conexión exitosa a MySQL
[23-Nov-2025 10:07:59 America/Bogota] ✓ Conexión exitosa a MySQL
[23-Nov-2025 10:07:59 America/Bogota] ✓ Conexión exitosa a MySQL
[23-Nov-2025 10:07:59 America/Bogota] ✓ Conexión exitosa a MySQL
[23-Nov-2025 10:09:18 America/Bogota] ✓ Conexión exitosa a MySQL
[23-Nov-2025 10:09:18 America/Bogota] ✓ Conexión exitosa a MySQL
[23-Nov-2025 10:09:18 America/Bogota] ✓ Conexión exitosa a MySQL
[23-Nov-2025 10:09:18 America/Bogota] ✓ Conexión exitosa a MySQL
[23-Nov-2025 10:09:21 America/Bogota] ✓ Conexión exitosa a MySQL
[23-Nov-2025 10:09:21 America/Bogota] ✓ Conexión exitosa a MySQL
[23-Nov-2025 10:09:21 America/Bogota] ✓ Conexión exitosa a MySQL
[23-Nov-2025 10:17:08 America/Bogota] ✓ Conexión exitosa a MySQL
[23-Nov-2025 10:17:08 America/Bogota] ✓ Conexión exitosa a MySQL
[23-Nov-2025 10:17:10 America/Bogota] ✓ Conexión exitosa a MySQL
[23-Nov-2025 10:17:10 America/Bogota] ✓ Conexión exitosa a MySQL
[23-Nov-2025 10:17:12 America/Bogota] ✓ Conexión exitosa a MySQL
[23-Nov-2025 10:17:13 America/Bogota] ✓ Conexión exitosa a MySQL
[23-Nov-2025 10:17:13 America/Bogota] ✓ Conexión exitosa a MySQL
[23-Nov-2025 10:36:04 America/Bogota] ✓ Conexión exitosa a MySQL
[23-Nov-2025 10:36:06 America/Bogota] ✓ Conexión exitosa a MySQL
[23-Nov-2025 10:36:06 America/Bogota] ✓ Conexión exitosa a MySQL
[23-Nov-2025 10:36:07 America/Bogota] ✓ Conexión exitosa a MySQL
[23-Nov-2025 10:36:08 America/Bogota] ✓ Conexión exitosa a MySQL
[23-Nov-2025 10:36:08 America/Bogota] ✓ Conexión exitosa a MySQL
[23-Nov-2025 11:40:28 America/Bogota] ✓ Conexión exitosa a MySQL
[23-Nov-2025 11:40:28 America/Bogota] ✓ Conexión exitosa a MySQL
[23-Nov-2025 11:40:30 America/Bogota] ✓ Conexión exitosa a MySQL
[23-Nov-2025 11:40:30 America/Bogota] ✓ Conexión exitosa a MySQL
[23-Nov-2025 11:40:33 America/Bogota] ✓ Conexión exitosa a MySQL
[23-Nov-2025 11:40:34 America/Bogota] ✓ Conexión exitosa a MySQL
[23-Nov-2025 11:40:34 America/Bogota] ✓ Conexión exitosa a MySQL
[23-Nov-2025 11:40:40 America/Bogota] ✓ Conexión exitosa a MySQL
[23-Nov-2025 11:40:40 America/Bogota] ✓ Conexión exitosa a MySQL
[23-Nov-2025 11:40:40 America/Bogota] ✓ Conexión exitosa a MySQL
[23-Nov-2025 11:48:28 America/Bogota] ✓ Conexión exitosa a MySQL
[23-Nov-2025 11:48:28 America/Bogota] ✓ Conexión exitosa a MySQL
[23-Nov-2025 11:48:30 America/Bogota] ✓ Conexión exitosa a MySQL
[23-Nov-2025 11:48:30 America/Bogota] ✓ Conexión exitosa a MySQL
[23-Nov-2025 11:48:40 America/Bogota] ✓ Conexión exitosa a MySQL
[23-Nov-2025 11:48:40 America/Bogota] Error de conexión: SQLSTATE[HY000] [1045] Access denied for user ''@'localhost' (using password: NO)
[23-Nov-2025 11:48:42 America/Bogota] ✓ Conexión exitosa a MySQL
[23-Nov-2025 11:48:42 America/Bogota] ✓ Conexión exitosa a MySQL
[23-Nov-2025 11:49:12 America/Bogota] Error de conexión: SQLSTATE[HY000] [1045] Access denied for user ''@'localhost' (using password: NO)
[23-Nov-2025 11:49:12 America/Bogota] ✓ Conexión exitosa a MySQL
[23-Nov-2025 11:49:14 America/Bogota] ✓ Conexión exitosa a MySQL
[23-Nov-2025 11:49:14 America/Bogota] ✓ Conexión exitosa a MySQL
[23-Nov-2025 12:01:11 America/Bogota] Error de conexión: SQLSTATE[HY000] [1045] Access denied for user ''@'localhost' (using password: NO)
[23-Nov-2025 12:01:54 America/Bogota] ✓ Conexión exitosa a MySQL
[23-Nov-2025 12:01:54 America/Bogota] ✓ Conexión exitosa a MySQL
[23-Nov-2025 12:01:54 America/Bogota] ✓ Conexión exitosa a MySQL
[23-Nov-2025 12:01:55 America/Bogota] ✓ Conexión exitosa a MySQL
[23-Nov-2025 12:01:56 America/Bogota] ✓ Conexión exitosa a MySQL
[23-Nov-2025 12:01:56 America/Bogota] Error de conexión: SQLSTATE[HY000] [1045] Access denied for user ''@'localhost' (using password: NO)
[23-Nov-2025 12:01:56 America/Bogota] ✓ Conexión exitosa a MySQL
[23-Nov-2025 12:01:57 America/Bogota] ✓ Conexión exitosa a MySQL
[23-Nov-2025 12:05:17 America/Bogota] ✓ Conexión exitosa a MySQL
[23-Nov-2025 12:05:17 America/Bogota] ✓ Conexión exitosa a MySQL
[23-Nov-2025 12:05:19 America/Bogota] ✓ Conexión exitosa a MySQL
[23-Nov-2025 12:05:20 America/Bogota] ✓ Conexión exitosa a MySQL
[23-Nov-2025 12:05:31 America/Bogota] ✓ Conexión exitosa a MySQL
[23-Nov-2025 12:05:31 America/Bogota] ✓ Conexión exitosa a MySQL
[23-Nov-2025 12:05:32 America/Bogota] ✓ Conexión exitosa a MySQL
[23-Nov-2025 12:05:32 America/Bogota] ✓ Conexión exitosa a MySQL
[23-Nov-2025 12:06:08 America/Bogota] ✓ Conexión exitosa a MySQL
[23-Nov-2025 12:06:08 America/Bogota] ✓ Conexión exitosa a MySQL
[23-Nov-2025 12:06:10 America/Bogota] ✓ Conexión exitosa a MySQL
[23-Nov-2025 12:06:10 America/Bogota] ✓ Conexión exitosa a MySQL
[23-Nov-2025 12:06:13 America/Bogota] ✓ Conexión exitosa a MySQL
[23-Nov-2025 12:06:13 America/Bogota] ✓ Conexión exitosa a MySQL
[23-Nov-2025 12:06:13 America/Bogota] ✓ Conexión exitosa a MySQL
[23-Nov-2025 12:06:13 America/Bogota] ✓ Conexión exitosa a MySQL
[23-Nov-2025 12:11:18 America/Bogota] ✓ Conexión exitosa a MySQL
[23-Nov-2025 12:11:18 America/Bogota] ✓ Conexión exitosa a MySQL
[23-Nov-2025 12:11:18 America/Bogota] ✓ Conexión exitosa a MySQL
[23-Nov-2025 12:11:18 America/Bogota] ✓ Conexión exitosa a MySQL
[23-Nov-2025 12:11:31 America/Bogota] ✓ Conexión exitosa a MySQL
[23-Nov-2025 12:11:31 America/Bogota] ✓ Conexión exitosa a MySQL
[23-Nov-2025 12:11:31 America/Bogota] ✓ Conexión exitosa a MySQL
[23-Nov-2025 12:11:32 America/Bogota] ✓ Conexión exitosa a MySQL
[23-Nov-2025 12:11:32 America/Bogota] ✓ Conexión exitosa a MySQL
[23-Nov-2025 12:11:32 America/Bogota] ✓ Conexión exitosa a MySQL
[23-Nov-2025 12:12:07 America/Bogota] ✓ Conexión exitosa a MySQL
[23-Nov-2025 12:12:07 America/Bogota] ✓ Conexión exitosa a MySQL
[23-Nov-2025 12:12:07 America/Bogota] ✓ Conexión exitosa a MySQL
[23-Nov-2025 12:12:07 America/Bogota] ✓ Conexión exitosa a MySQL
[23-Nov-2025 12:16:28 America/Bogota] ✓ Conexión exitosa a MySQL
[23-Nov-2025 12:16:28 America/Bogota] ✓ Conexión exitosa a MySQL
[23-Nov-2025 12:16:29 America/Bogota] ✓ Conexión exitosa a MySQL
[23-Nov-2025 12:16:29 America/Bogota] ✓ Conexión exitosa a MySQL
[23-Nov-2025 13:25:02 America/Bogota] ✓ Conexión exitosa a MySQL
[23-Nov-2025 13:25:07 America/Bogota] ✓ Conexión exitosa a MySQL
[23-Nov-2025 13:25:07 America/Bogota] ✓ Conexión exitosa a MySQL
[23-Nov-2025 13:25:08 America/Bogota] ✓ Conexión exitosa a MySQL
[23-Nov-2025 13:25:08 America/Bogota] ✓ Conexión exitosa a MySQL
[23-Nov-2025 13:27:39 America/Bogota] ✓ Conexión exitosa a MySQL
[23-Nov-2025 13:27:39 America/Bogota] ✓ Conexión exitosa a MySQL
[23-Nov-2025 13:27:40 America/Bogota] ✓ Conexión exitosa a MySQL
[23-Nov-2025 13:27:40 America/Bogota] ✓ Conexión exitosa a MySQL
[23-Nov-2025 13:27:40 America/Bogota] ✓ Conexión exitosa a MySQL
[23-Nov-2025 13:27:40 America/Bogota] ✓ Conexión exitosa a MySQL
[23-Nov-2025 13:27:40 America/Bogota] ✓ Conexión exitosa a MySQL
[23-Nov-2025 13:28:50 America/Bogota] ✓ Conexión exitosa a MySQL
[23-Nov-2025 13:28:50 America/Bogota] ✓ Conexión exitosa a MySQL
[23-Nov-2025 13:28:50 America/Bogota] ✓ Conexión exitosa a MySQL
[23-Nov-2025 13:28:50 America/Bogota] ✓ Conexión exitosa a MySQL
[23-Nov-2025 13:28:53 America/Bogota] ✓ Conexión exitosa a MySQL
[23-Nov-2025 13:28:53 America/Bogota] ✓ Conexión exitosa a MySQL
[23-Nov-2025 13:28:53 America/Bogota] ✓ Conexión exitosa a MySQL
[23-Nov-2025 13:28:53 America/Bogota] ✓ Conexión exitosa a MySQL
[23-Nov-2025 13:28:53 America/Bogota] ✓ Conexión exitosa a MySQL
[23-Nov-2025 13:28:54 America/Bogota] ✓ Conexión exitosa a MySQL
[23-Nov-2025 13:35:03 America/Bogota] ✓ Conexión exitosa a MySQL
[23-Nov-2025 13:40:09 America/Bogota] ✓ Conexión exitosa a MySQL
[23-Nov-2025 13:40:14 America/Bogota] ✓ Conexión exitosa a MySQL
[23-Nov-2025 13:40:14 America/Bogota] ✓ Conexión exitosa a MySQL
[23-Nov-2025 13:40:15 America/Bogota] ✓ Conexión exitosa a MySQL
[23-Nov-2025 13:40:15 America/Bogota] ✓ Conexión exitosa a MySQL
[23-Nov-2025 13:41:23 America/Bogota] ✓ Conexión exitosa a MySQL
[23-Nov-2025 13:41:23 America/Bogota] ✓ Conexión exitosa a MySQL
[23-Nov-2025 13:41:24 America/Bogota] ✓ Conexión exitosa a MySQL
[23-Nov-2025 13:41:24 America/Bogota] ✓ Conexión exitosa a MySQL
[23-Nov-2025 13:41:29 America/Bogota] ✓ Conexión exitosa a MySQL
[23-Nov-2025 13:41:29 America/Bogota] ✓ Conexión exitosa a MySQL
[23-Nov-2025 13:41:30 America/Bogota] ✓ Conexión exitosa a MySQL
[23-Nov-2025 13:41:30 America/Bogota] ✓ Conexión exitosa a MySQL
[23-Nov-2025 13:42:25 America/Bogota] ✓ Conexión exitosa a MySQL
[23-Nov-2025 13:42:25 America/Bogota] ✓ Conexión exitosa a MySQL
[23-Nov-2025 13:43:29 America/Bogota] ✓ Conexión exitosa a MySQL
[23-Nov-2025 13:43:29 America/Bogota] ✓ Conexión exitosa a MySQL
[23-Nov-2025 13:43:30 America/Bogota] ✓ Conexión exitosa a MySQL
[23-Nov-2025 13:43:30 America/Bogota] ✓ Conexión exitosa a MySQL
[23-Nov-2025 13:43:37 America/Bogota] ✓ Conexión exitosa a MySQL
[23-Nov-2025 13:43:38 America/Bogota] ✓ Conexión exitosa a MySQL
[23-Nov-2025 13:43:38 America/Bogota] ✓ Conexión exitosa a MySQL
[23-Nov-2025 15:34:33 America/Bogota] ✓ Conexión exitosa a MySQL
[23-Nov-2025 15:34:34 America/Bogota] ✓ Conexión exitosa a MySQL
[23-Nov-2025 15:34:34 America/Bogota] ✓ Conexión exitosa a MySQL
[23-Nov-2025 15:34:35 America/Bogota] ✓ Conexión exitosa a MySQL
[23-Nov-2025 15:34:35 America/Bogota] ✓ Conexión exitosa a MySQL
[23-Nov-2025 15:34:37 America/Bogota] ✓ Conexión exitosa a MySQL
[23-Nov-2025 15:34:37 America/Bogota] ✓ Conexión exitosa a MySQL
[23-Nov-2025 15:34:37 America/Bogota] ✓ Conexión exitosa a MySQL
[23-Nov-2025 15:34:37 America/Bogota] ✓ Conexión exitosa a MySQL
[23-Nov-2025 15:34:37 America/Bogota] ✓ Conexión exitosa a MySQL
[23-Nov-2025 15:34:37 America/Bogota] ✓ Conexión exitosa a MySQL
[23-Nov-2025 15:34:37 America/Bogota] ✓ Conexión exitosa a MySQL
[23-Nov-2025 15:53:22 America/Bogota] ✓ Conexión exitosa a MySQL
[23-Nov-2025 15:53:22 America/Bogota] ✓ Conexión exitosa a MySQL
[23-Nov-2025 15:53:24 America/Bogota] ✓ Conexión exitosa a MySQL
[23-Nov-2025 15:53:24 America/Bogota] ✓ Conexión exitosa a MySQL
[23-Nov-2025 15:53:30 America/Bogota] ✓ Conexión exitosa a MySQL
[23-Nov-2025 15:53:30 America/Bogota] ✓ Conexión exitosa a MySQL
[23-Nov-2025 15:53:30 America/Bogota] ✓ Conexión exitosa a MySQL
[23-Nov-2025 15:53:30 America/Bogota] ✓ Conexión exitosa a MySQL
[23-Nov-2025 15:53:31 America/Bogota] ✓ Conexión exitosa a MySQL
[23-Nov-2025 15:53:31 America/Bogota] ✓ Conexión exitosa a MySQL
[23-Nov-2025 15:53:31 America/Bogota] ✓ Conexión exitosa a MySQL
[23-Nov-2025 15:54:38 America/Bogota] ✓ Conexión exitosa a MySQL
[23-Nov-2025 15:54:38 America/Bogota] ERROR en api_cotizaciones: SQLSTATE[42000]: Syntax error or access violation: 1064 You have an error in your SQL syntax; check the manual that corresponds to your MariaDB server version for the right syntax to use near '// NUEVO
    fecha, fecha_completa
) VALUES (
    ?, ?, ?, ?, ?, ?, ?, ?, ?, ...' at line 9
[23-Nov-2025 15:54:38 America/Bogota] Archivo: C:\xampp\htdocs\gestion3d\api\api_cotizaciones.php Línea: 81
[23-Nov-2025 16:12:23 America/Bogota] ✓ Conexión exitosa a MySQL
[23-Nov-2025 16:12:25 America/Bogota] ✓ Conexión exitosa a MySQL
[23-Nov-2025 16:12:25 America/Bogota] ✓ Conexión exitosa a MySQL
[23-Nov-2025 16:12:27 America/Bogota] ✓ Conexión exitosa a MySQL
[23-Nov-2025 16:12:27 America/Bogota] ✓ Conexión exitosa a MySQL
[23-Nov-2025 16:12:27 America/Bogota] ✓ Conexión exitosa a MySQL
[23-Nov-2025 16:12:27 America/Bogota] ✓ Conexión exitosa a MySQL
[23-Nov-2025 16:12:27 America/Bogota] ✓ Conexión exitosa a MySQL
[23-Nov-2025 16:14:19 America/Bogota] ✓ Conexión exitosa a MySQL
[23-Nov-2025 16:14:19 America/Bogota] ✓ Conexión exitosa a MySQL
[23-Nov-2025 16:14:19 America/Bogota] ✓ Conexión exitosa a MySQL
[23-Nov-2025 16:14:19 America/Bogota] ✓ Conexión exitosa a MySQL
[23-Nov-2025 16:14:21 America/Bogota] ✓ Conexión exitosa a MySQL
[23-Nov-2025 16:14:21 America/Bogota] ✓ Conexión exitosa a MySQL
[23-Nov-2025 16:14:22 America/Bogota] ✓ Conexión exitosa a MySQL
[23-Nov-2025 16:14:24 America/Bogota] ✓ Conexión exitosa a MySQL
[23-Nov-2025 16:14:24 America/Bogota] ✓ Conexión exitosa a MySQL
[23-Nov-2025 16:14:24 America/Bogota] ✓ Conexión exitosa a MySQL
[23-Nov-2025 16:14:24 America/Bogota] ✓ Conexión exitosa a MySQL
[23-Nov-2025 16:14:24 America/Bogota] ✓ Conexión exitosa a MySQL
[23-Nov-2025 16:14:24 America/Bogota] ✓ Conexión exitosa a MySQL
[23-Nov-2025 16:14:24 America/Bogota] ✓ Conexión exitosa a MySQL
[23-Nov-2025 16:15:04 America/Bogota] ✓ Conexión exitosa a MySQL
[23-Nov-2025 16:15:04 America/Bogota] ERROR en api_cotizaciones: SQLSTATE[HY093]: Invalid parameter number
[23-Nov-2025 16:15:04 America/Bogota] Archivo: C:\xampp\htdocs\gestion3d\api\api_cotizaciones.php Línea: 82
[23-Nov-2025 16:25:47 America/Bogota] ✓ Conexión exitosa a MySQL
[23-Nov-2025 16:25:47 America/Bogota] ERROR en api_cotizaciones: SQLSTATE[HY093]: Invalid parameter number
[23-Nov-2025 16:25:47 America/Bogota] Archivo: C:\xampp\htdocs\gestion3d\api\api_cotizaciones.php Línea: 82
[23-Nov-2025 18:41:09 America/Bogota] ✓ Conexión exitosa a MySQL
[23-Nov-2025 18:41:09 America/Bogota] ✓ Conexión exitosa a MySQL
[23-Nov-2025 18:41:12 America/Bogota] ✓ Conexión exitosa a MySQL
[23-Nov-2025 18:41:12 America/Bogota] ✓ Conexión exitosa a MySQL
[23-Nov-2025 18:41:13 America/Bogota] ✓ Conexión exitosa a MySQL
[23-Nov-2025 18:41:13 America/Bogota] ✓ Conexión exitosa a MySQL
[23-Nov-2025 18:41:14 America/Bogota] ✓ Conexión exitosa a MySQL
[23-Nov-2025 18:41:14 America/Bogota] ✓ Conexión exitosa a MySQL
[23-Nov-2025 18:41:18 America/Bogota] ✓ Conexión exitosa a MySQL
[23-Nov-2025 18:41:18 America/Bogota] ✓ Conexión exitosa a MySQL
[23-Nov-2025 18:41:18 America/Bogota] ✓ Conexión exitosa a MySQL
[23-Nov-2025 18:41:18 America/Bogota] ✓ Conexión exitosa a MySQL
[23-Nov-2025 18:41:18 America/Bogota] ✓ Conexión exitosa a MySQL
[23-Nov-2025 18:41:18 America/Bogota] ✓ Conexión exitosa a MySQL
[23-Nov-2025 18:41:18 America/Bogota] ✓ Conexión exitosa a MySQL
[23-Nov-2025 18:41:23 America/Bogota] ✓ Conexión exitosa a MySQL
[23-Nov-2025 18:41:23 America/Bogota] ✓ Conexión exitosa a MySQL
[23-Nov-2025 18:41:23 America/Bogota] ✓ Conexión exitosa a MySQL
[23-Nov-2025 18:41:23 America/Bogota] ✓ Conexión exitosa a MySQL
[23-Nov-2025 18:41:24 America/Bogota] ✓ Conexión exitosa a MySQL
[23-Nov-2025 18:41:24 America/Bogota] ✓ Conexión exitosa a MySQL
[23-Nov-2025 18:41:24 America/Bogota] ✓ Conexión exitosa a MySQL
[23-Nov-2025 18:41:55 America/Bogota] ✓ Conexión exitosa a MySQL
[23-Nov-2025 18:41:55 America/Bogota] === CREAR COTIZACIÓN ===
[23-Nov-2025 18:41:55 America/Bogota] Máquina ID recibida: MAQ_001
[23-Nov-2025 18:41:55 America/Bogota] Nombre: Prueba
[23-Nov-2025 18:41:55 America/Bogota] Peso: 50g
[23-Nov-2025 18:41:55 America/Bogota] Tiempo: 120 min
[23-Nov-2025 18:41:55 America/Bogota] ERROR en api_cotizaciones: SQLSTATE[HY093]: Invalid parameter number
[23-Nov-2025 18:41:55 America/Bogota] Archivo: C:\xampp\htdocs\gestion3d\api\api_cotizaciones.php Línea: 89
[23-Nov-2025 18:44:03 America/Bogota] ✓ Conexión exitosa a MySQL
[23-Nov-2025 18:44:03 America/Bogota] ✓ Conexión exitosa a MySQL
[23-Nov-2025 18:44:03 America/Bogota] ✓ Conexión exitosa a MySQL
[23-Nov-2025 18:44:03 America/Bogota] ✓ Conexión exitosa a MySQL
[23-Nov-2025 18:44:05 America/Bogota] ✓ Conexión exitosa a MySQL
[23-Nov-2025 18:44:05 America/Bogota] ✓ Conexión exitosa a MySQL
[23-Nov-2025 18:44:05 America/Bogota] ✓ Conexión exitosa a MySQL
[23-Nov-2025 18:44:24 America/Bogota] ✓ Conexión exitosa a MySQL
[23-Nov-2025 18:44:24 America/Bogota] === CREAR COTIZACIÓN ===
[23-Nov-2025 18:44:24 America/Bogota] Máquina ID recibida: MAQ_001
[23-Nov-2025 18:44:24 America/Bogota] Nombre: Pieza sin nombre
[23-Nov-2025 18:44:24 America/Bogota] Peso: 50g
[23-Nov-2025 18:44:24 America/Bogota] Tiempo: 120 min
[23-Nov-2025 18:44:24 America/Bogota] ERROR en api_cotizaciones: SQLSTATE[HY093]: Invalid parameter number
[23-Nov-2025 18:44:24 America/Bogota] Archivo: C:\xampp\htdocs\gestion3d\api\api_cotizaciones.php Línea: 89
[23-Nov-2025 18:48:56 America/Bogota] ✓ Conexión exitosa a MySQL
[23-Nov-2025 18:48:56 America/Bogota] ✓ Conexión exitosa a MySQL
[23-Nov-2025 18:48:59 America/Bogota] ✓ Conexión exitosa a MySQL
[23-Nov-2025 18:48:59 America/Bogota] ✓ Conexión exitosa a MySQL
[23-Nov-2025 18:49:01 America/Bogota] ✓ Conexión exitosa a MySQL
[23-Nov-2025 18:49:01 America/Bogota] ✓ Conexión exitosa a MySQL
[23-Nov-2025 18:49:01 America/Bogota] ✓ Conexión exitosa a MySQL
[23-Nov-2025 18:49:01 America/Bogota] ✓ Conexión exitosa a MySQL
[23-Nov-2025 18:49:03 America/Bogota] ✓ Conexión exitosa a MySQL
[23-Nov-2025 18:49:03 America/Bogota] ✓ Conexión exitosa a MySQL
[23-Nov-2025 18:49:03 America/Bogota] ✓ Conexión exitosa a MySQL
[23-Nov-2025 18:51:18 America/Bogota] ✓ Conexión exitosa a MySQL
[23-Nov-2025 18:51:18 America/Bogota] 📥 RAW INPUT RECIBIDO
[23-Nov-2025 18:51:18 America/Bogota] 📦 INPUT DECODIFICADO CORRECTAMENTE
[23-Nov-2025 18:51:18 America/Bogota] === CREAR COTIZACIÓN ===
[23-Nov-2025 18:51:18 America/Bogota] Máquina ID recibida: MAQ_001
[23-Nov-2025 18:51:18 America/Bogota] Nombre: Pieza sin nombre
[23-Nov-2025 18:51:18 America/Bogota] Peso: 50g
[23-Nov-2025 18:51:18 America/Bogota] Tiempo: 120 min
[23-Nov-2025 18:51:18 America/Bogota] 🆔 ID generado: 1763941878_3d6f26a24
[23-Nov-2025 18:51:18 America/Bogota] 🔄 Transacción iniciada
[23-Nov-2025 18:51:19 America/Bogota] ❌ Error PDO: SQLSTATE[HY093]: Invalid parameter number
[23-Nov-2025 18:51:19 America/Bogota] ❌ ERROR API: Error en la base de datos
[23-Nov-2025 18:51:19 America/Bogota]    Detalles: Array
(
    [pdo_error] => SQLSTATE[HY093]: Invalid parameter number
    [pdo_code] => HY093
)

[23-Nov-2025 19:04:02 America/Bogota] ✓ Conexión exitosa a MySQL
[23-Nov-2025 19:04:02 America/Bogota] ✓ Conexión exitosa a MySQL
[23-Nov-2025 19:04:02 America/Bogota] ✓ Conexión exitosa a MySQL
[23-Nov-2025 19:04:02 America/Bogota] ✓ Conexión exitosa a MySQL
[23-Nov-2025 19:04:05 America/Bogota] ✓ Conexión exitosa a MySQL
[23-Nov-2025 19:04:05 America/Bogota] ✓ Conexión exitosa a MySQL
[23-Nov-2025 19:04:05 America/Bogota] ✓ Conexión exitosa a MySQL
[23-Nov-2025 19:04:08 America/Bogota] ✓ Conexión exitosa a MySQL
[23-Nov-2025 19:04:08 America/Bogota] ✓ Conexión exitosa a MySQL
[23-Nov-2025 19:04:08 America/Bogota] ✓ Conexión exitosa a MySQL
[23-Nov-2025 19:04:08 America/Bogota] ✓ Conexión exitosa a MySQL
[23-Nov-2025 19:04:09 America/Bogota] ✓ Conexión exitosa a MySQL
[23-Nov-2025 19:04:09 America/Bogota] ✓ Conexión exitosa a MySQL
[23-Nov-2025 19:04:09 America/Bogota] ✓ Conexión exitosa a MySQL
[23-Nov-2025 19:04:31 America/Bogota] ✓ Conexión exitosa a MySQL
[23-Nov-2025 19:04:31 America/Bogota] 📥 RAW INPUT RECIBIDO
[23-Nov-2025 19:04:31 America/Bogota] 📦 INPUT DECODIFICADO CORRECTAMENTE
[23-Nov-2025 19:04:31 America/Bogota] === CREAR COTIZACIÓN ===
[23-Nov-2025 19:04:31 America/Bogota] Máquina ID recibida: MAQ_001
[23-Nov-2025 19:04:31 America/Bogota] Nombre: Prueba
[23-Nov-2025 19:04:31 America/Bogota] Peso: 50g
[23-Nov-2025 19:04:31 America/Bogota] Tiempo: 120 min
[23-Nov-2025 19:04:31 America/Bogota] 🆔 ID generado: 1763942671_5828859c2
[23-Nov-2025 19:04:31 America/Bogota] 🔄 Transacción iniciada
[23-Nov-2025 19:04:31 America/Bogota] ✅ Cotización insertada en BD
[23-Nov-2025 19:04:31 America/Bogota] ✅ Depreciación calculada: 560 COP
[23-Nov-2025 19:04:31 America/Bogota]    Máquina: Ender 3 V3 SE #1 (MAQ_001)
[23-Nov-2025 19:04:31 America/Bogota]    Depreciación/hora: 280.0000 COP
[23-Nov-2025 19:04:31 America/Bogota]    Tiempo: 2 horas
[23-Nov-2025 19:04:31 America/Bogota] 💰 Cálculos completados
[23-Nov-2025 19:04:31 America/Bogota] ✅ Cálculos insertados en BD
[23-Nov-2025 19:04:31 America/Bogota] ✅ Transacción confirmada (COMMIT)
[23-Nov-2025 19:05:25 America/Bogota] ✓ Conexión exitosa a MySQL
[23-Nov-2025 19:05:25 America/Bogota] 📥 RAW INPUT RECIBIDO
[23-Nov-2025 19:05:25 America/Bogota] 📦 INPUT DECODIFICADO CORRECTAMENTE
[23-Nov-2025 19:05:25 America/Bogota] === CREAR COTIZACIÓN ===
[23-Nov-2025 19:05:25 America/Bogota] Máquina ID recibida: MAQ_001
[23-Nov-2025 19:05:25 America/Bogota] Nombre: Prueba
[23-Nov-2025 19:05:25 America/Bogota] Peso: 50g
[23-Nov-2025 19:05:25 America/Bogota] Tiempo: 120 min
[23-Nov-2025 19:05:25 America/Bogota] 🆔 ID generado: 1763942725_77d3ae4f4
[23-Nov-2025 19:05:25 America/Bogota] 🔄 Transacción iniciada
[23-Nov-2025 19:05:25 America/Bogota] ✅ Cotización insertada en BD
[23-Nov-2025 19:05:25 America/Bogota] ✅ Insumos de postprocesado guardados
[23-Nov-2025 19:05:25 America/Bogota] ✅ Depreciación calculada: 560 COP
[23-Nov-2025 19:05:25 America/Bogota]    Máquina: Ender 3 V3 SE #1 (MAQ_001)
[23-Nov-2025 19:05:25 America/Bogota]    Depreciación/hora: 280.0000 COP
[23-Nov-2025 19:05:25 America/Bogota]    Tiempo: 2 horas
[23-Nov-2025 19:05:25 America/Bogota] 💰 Cálculos completados
[23-Nov-2025 19:05:25 America/Bogota] ✅ Cálculos insertados en BD
[23-Nov-2025 19:05:25 America/Bogota] ✅ Transacción confirmada (COMMIT)
[23-Nov-2025 19:36:57 America/Bogota] ✓ Conexión exitosa a MySQL
[23-Nov-2025 19:36:57 America/Bogota] ✓ Conexión exitosa a MySQL
[23-Nov-2025 19:36:57 America/Bogota] ✓ Conexión exitosa a MySQL
[23-Nov-2025 19:36:57 America/Bogota] ✓ Conexión exitosa a MySQL
[23-Nov-2025 19:36:59 America/Bogota] ✓ Conexión exitosa a MySQL
[23-Nov-2025 19:36:59 America/Bogota] ✓ Conexión exitosa a MySQL
[23-Nov-2025 19:36:59 America/Bogota] ✓ Conexión exitosa a MySQL
[23-Nov-2025 19:37:05 America/Bogota] ✓ Conexión exitosa a MySQL
[23-Nov-2025 19:37:05 America/Bogota] ✓ Conexión exitosa a MySQL
[23-Nov-2025 19:37:06 America/Bogota] ✓ Conexión exitosa a MySQL
[23-Nov-2025 19:37:06 America/Bogota] ✓ Conexión exitosa a MySQL
[23-Nov-2025 19:37:37 America/Bogota] ✓ Conexión exitosa a MySQL
[23-Nov-2025 19:37:37 America/Bogota] ✓ Conexión exitosa a MySQL
[23-Nov-2025 19:37:37 America/Bogota] ✓ Conexión exitosa a MySQL
[23-Nov-2025 19:37:37 America/Bogota] ✓ Conexión exitosa a MySQL
[23-Nov-2025 19:37:38 America/Bogota] ✓ Conexión exitosa a MySQL
[23-Nov-2025 19:37:38 America/Bogota] ✓ Conexión exitosa a MySQL
[23-Nov-2025 19:37:38 America/Bogota] ✓ Conexión exitosa a MySQL
[23-Nov-2025 19:37:43 America/Bogota] ✓ Conexión exitosa a MySQL
[23-Nov-2025 19:37:43 America/Bogota] ✓ Conexión exitosa a MySQL
[23-Nov-2025 19:37:43 America/Bogota] ✓ Conexión exitosa a MySQL
[23-Nov-2025 19:37:43 America/Bogota] ✓ Conexión exitosa a MySQL
[23-Nov-2025 19:37:43 America/Bogota] ✓ Conexión exitosa a MySQL
[23-Nov-2025 19:37:43 America/Bogota] ✓ Conexión exitosa a MySQL
[23-Nov-2025 19:37:43 America/Bogota] ✓ Conexión exitosa a MySQL
[23-Nov-2025 19:39:11 America/Bogota] ✓ Conexión exitosa a MySQL
[23-Nov-2025 19:39:11 America/Bogota] ✓ Conexión exitosa a MySQL
[23-Nov-2025 19:39:11 America/Bogota] ✓ Conexión exitosa a MySQL
[23-Nov-2025 19:39:11 America/Bogota] ✓ Conexión exitosa a MySQL
[23-Nov-2025 19:39:12 America/Bogota] ✓ Conexión exitosa a MySQL
[23-Nov-2025 19:39:12 America/Bogota] ✓ Conexión exitosa a MySQL
[23-Nov-2025 19:39:12 America/Bogota] ✓ Conexión exitosa a MySQL
[23-Nov-2025 19:40:09 America/Bogota] ✓ Conexión exitosa a MySQL
[23-Nov-2025 19:40:09 America/Bogota] 📥 RAW INPUT RECIBIDO
[23-Nov-2025 19:40:09 America/Bogota] 📦 INPUT DECODIFICADO CORRECTAMENTE
[23-Nov-2025 19:40:09 America/Bogota] === CREAR COTIZACIÓN ===
[23-Nov-2025 19:40:09 America/Bogota] Máquina ID recibida: MAQ_001
[23-Nov-2025 19:40:09 America/Bogota] Nombre: Pieza sin nombre
[23-Nov-2025 19:40:09 America/Bogota] Peso: 50g
[23-Nov-2025 19:40:09 America/Bogota] Tiempo: 120 min
[23-Nov-2025 19:40:09 America/Bogota] 🆔 ID generado: 1763944809_c83aa70ad
[23-Nov-2025 19:40:09 America/Bogota] 🔄 Transacción iniciada
[23-Nov-2025 19:40:09 America/Bogota] ✅ Cotización insertada en BD
[23-Nov-2025 19:40:09 America/Bogota] ✅ Insumos de postprocesado guardados
[23-Nov-2025 19:40:09 America/Bogota] ✅ Depreciación calculada: 560 COP
[23-Nov-2025 19:40:09 America/Bogota]    Máquina: Ender 3 V3 SE #1 (MAQ_001)
[23-Nov-2025 19:40:09 America/Bogota]    Depreciación/hora: 280.0000 COP
[23-Nov-2025 19:40:09 America/Bogota]    Tiempo: 2 horas
[23-Nov-2025 19:40:09 America/Bogota] 💰 Cálculos completados
[23-Nov-2025 19:40:09 America/Bogota] ✅ Cálculos insertados en BD
[23-Nov-2025 19:40:09 America/Bogota] ✅ Transacción confirmada (COMMIT)
[23-Nov-2025 19:41:19 America/Bogota] ✓ Conexión exitosa a MySQL
[23-Nov-2025 19:41:19 America/Bogota] ✓ Conexión exitosa a MySQL
[23-Nov-2025 19:41:19 America/Bogota] ✓ Conexión exitosa a MySQL
[23-Nov-2025 19:41:19 America/Bogota] ✓ Conexión exitosa a MySQL
[23-Nov-2025 19:41:19 America/Bogota] ✓ Conexión exitosa a MySQL
[23-Nov-2025 19:41:19 America/Bogota] ✓ Conexión exitosa a MySQL
[23-Nov-2025 19:41:19 America/Bogota] ✓ Conexión exitosa a MySQL
[23-Nov-2025 19:41:41 America/Bogota] ✓ Conexión exitosa a MySQL
[23-Nov-2025 19:41:41 America/Bogota] 📥 RAW INPUT RECIBIDO
[23-Nov-2025 19:41:41 America/Bogota] 📦 INPUT DECODIFICADO CORRECTAMENTE
[23-Nov-2025 19:41:41 America/Bogota] === CREAR COTIZACIÓN ===
[23-Nov-2025 19:41:41 America/Bogota] Máquina ID recibida: MAQ_001
[23-Nov-2025 19:41:41 America/Bogota] Nombre: Pieza sin nombre
[23-Nov-2025 19:41:41 America/Bogota] Peso: 50g
[23-Nov-2025 19:41:41 America/Bogota] Tiempo: 120 min
[23-Nov-2025 19:41:41 America/Bogota] 🆔 ID generado: 1763944901_8fd0e4906
[23-Nov-2025 19:41:41 America/Bogota] 🔄 Transacción iniciada
[23-Nov-2025 19:41:41 America/Bogota] ✅ Cotización insertada en BD
[23-Nov-2025 19:41:41 America/Bogota] ✅ Insumos de postprocesado guardados
[23-Nov-2025 19:41:41 America/Bogota] ✅ Depreciación calculada: 560 COP
[23-Nov-2025 19:41:41 America/Bogota]    Máquina: Ender 3 V3 SE #1 (MAQ_001)
[23-Nov-2025 19:41:41 America/Bogota]    Depreciación/hora: 280.0000 COP
[23-Nov-2025 19:41:41 America/Bogota]    Tiempo: 2 horas
[23-Nov-2025 19:41:41 America/Bogota] 💰 Cálculos completados
[23-Nov-2025 19:41:41 America/Bogota] ✅ Cálculos insertados en BD
[23-Nov-2025 19:41:41 America/Bogota] ✅ Transacción confirmada (COMMIT)
[23-Nov-2025 19:42:33 America/Bogota] ✓ Conexión exitosa a MySQL
[23-Nov-2025 19:42:33 America/Bogota] 📥 RAW INPUT RECIBIDO
[23-Nov-2025 19:42:33 America/Bogota] 📦 INPUT DECODIFICADO CORRECTAMENTE
[23-Nov-2025 19:42:33 America/Bogota] === CREAR COTIZACIÓN ===
[23-Nov-2025 19:42:33 America/Bogota] Máquina ID recibida: NULL
[23-Nov-2025 19:42:33 America/Bogota] Nombre: Pieza sin nombre
[23-Nov-2025 19:42:33 America/Bogota] Peso: 50g
[23-Nov-2025 19:42:33 America/Bogota] Tiempo: 120 min
[23-Nov-2025 19:42:33 America/Bogota] 🆔 ID generado: 1763944953_c467c5c2f
[23-Nov-2025 19:42:33 America/Bogota] 🔄 Transacción iniciada
[23-Nov-2025 19:42:33 America/Bogota] ✅ Cotización insertada en BD
[23-Nov-2025 19:42:33 America/Bogota] ✅ Insumos de postprocesado guardados
[23-Nov-2025 19:42:33 America/Bogota] ⚠️ No se seleccionó máquina, usando cálculo genérico: 8333.33 COP
[23-Nov-2025 19:42:33 America/Bogota] 💰 Cálculos completados
[23-Nov-2025 19:42:33 America/Bogota] ✅ Cálculos insertados en BD
[23-Nov-2025 19:42:33 America/Bogota] ✅ Transacción confirmada (COMMIT)
[23-Nov-2025 22:29:00 America/Bogota] ✓ Conexión exitosa a MySQL
[23-Nov-2025 22:29:00 America/Bogota] ✓ Conexión exitosa a MySQL
[23-Nov-2025 22:29:05 America/Bogota] ✓ Conexión exitosa a MySQL
[23-Nov-2025 22:29:05 America/Bogota] ✓ Conexión exitosa a MySQL
[23-Nov-2025 22:29:13 America/Bogota] ✓ Conexión exitosa a MySQL
[23-Nov-2025 22:29:13 America/Bogota] ✓ Conexión exitosa a MySQL
[23-Nov-2025 22:29:13 America/Bogota] ✓ Conexión exitosa a MySQL
[23-Nov-2025 22:29:13 America/Bogota] ✓ Conexión exitosa a MySQL
[23-Nov-2025 22:29:15 America/Bogota] ✓ Conexión exitosa a MySQL
[23-Nov-2025 22:29:15 America/Bogota] ✓ Conexión exitosa a MySQL
[23-Nov-2025 22:29:15 America/Bogota] ✓ Conexión exitosa a MySQL
[23-Nov-2025 22:29:57 America/Bogota] ✓ Conexión exitosa a MySQL
[23-Nov-2025 22:29:57 America/Bogota] 📥 RAW INPUT RECIBIDO
[23-Nov-2025 22:29:57 America/Bogota] 📦 INPUT DECODIFICADO CORRECTAMENTE
[23-Nov-2025 22:29:57 America/Bogota] === CREAR COTIZACIÓN ===
[23-Nov-2025 22:29:57 America/Bogota] Máquina ID recibida: MAQ_001
[23-Nov-2025 22:29:57 America/Bogota] Nombre: Pieza sin nombre
[23-Nov-2025 22:29:57 America/Bogota] Peso: 50g
[23-Nov-2025 22:29:57 America/Bogota] Tiempo: 120 min
[23-Nov-2025 22:29:57 America/Bogota] 🆔 ID generado: 1763954997_6ff90cf82
[23-Nov-2025 22:29:57 America/Bogota] 🔄 Transacción iniciada
[23-Nov-2025 22:29:57 America/Bogota] ✅ Cotización insertada en BD
[23-Nov-2025 22:29:57 America/Bogota] ✅ Depreciación calculada: 560 COP
[23-Nov-2025 22:29:57 America/Bogota]    Máquina: Ender 3 V3 SE #1 (MAQ_001)
[23-Nov-2025 22:29:57 America/Bogota]    Depreciación/hora: 280.0000 COP
[23-Nov-2025 22:29:57 America/Bogota]    Tiempo: 2 horas
[23-Nov-2025 22:29:57 America/Bogota] 💰 Cálculos completados
[23-Nov-2025 22:29:57 America/Bogota] ✅ Cálculos insertados en BD
[23-Nov-2025 22:29:57 America/Bogota] ✅ Transacción confirmada (COMMIT)
[23-Nov-2025 23:03:50 America/Bogota] ✓ Conexión exitosa a MySQL
[23-Nov-2025 23:03:50 America/Bogota] ✓ Conexión exitosa a MySQL
[23-Nov-2025 23:03:50 America/Bogota] ✓ Conexión exitosa a MySQL
[23-Nov-2025 23:03:54 America/Bogota] ✓ Conexión exitosa a MySQL
[23-Nov-2025 23:03:54 America/Bogota] ✓ Conexión exitosa a MySQL
[23-Nov-2025 23:03:55 America/Bogota] ✓ Conexión exitosa a MySQL
[23-Nov-2025 23:03:55 America/Bogota] ✓ Conexión exitosa a MySQL
[23-Nov-2025 23:03:57 America/Bogota] ✓ Conexión exitosa a MySQL
[23-Nov-2025 23:03:57 America/Bogota] ✓ Conexión exitosa a MySQL
[23-Nov-2025 23:03:57 America/Bogota] ✓ Conexión exitosa a MySQL
[23-Nov-2025 23:03:57 America/Bogota] ✓ Conexión exitosa a MySQL
[23-Nov-2025 23:03:57 America/Bogota] ✓ Conexión exitosa a MySQL
[23-Nov-2025 23:03:57 America/Bogota] ✓ Conexión exitosa a MySQL
[23-Nov-2025 23:03:57 America/Bogota] ✓ Conexión exitosa a MySQL
[23-Nov-2025 23:03:57 America/Bogota] ✓ Conexión exitosa a MySQL
[23-Nov-2025 23:05:35 America/Bogota] ✓ Conexión exitosa a MySQL
[23-Nov-2025 23:05:35 America/Bogota] ✓ Conexión exitosa a MySQL
[23-Nov-2025 23:05:35 America/Bogota] ✓ Conexión exitosa a MySQL
[23-Nov-2025 23:05:35 America/Bogota] ✓ Conexión exitosa a MySQL
[23-Nov-2025 23:05:35 America/Bogota] ✓ Conexión exitosa a MySQL
[23-Nov-2025 23:05:37 America/Bogota] ✓ Conexión exitosa a MySQL
[23-Nov-2025 23:05:37 America/Bogota] ✓ Conexión exitosa a MySQL
[23-Nov-2025 23:05:37 America/Bogota] ✓ Conexión exitosa a MySQL
[23-Nov-2025 23:19:46 America/Bogota] ✓ Conexión exitosa a MySQL
[23-Nov-2025 23:19:46 America/Bogota] ✓ Conexión exitosa a MySQL
[23-Nov-2025 23:19:48 America/Bogota] ✓ Conexión exitosa a MySQL
[23-Nov-2025 23:19:48 America/Bogota] ✓ Conexión exitosa a MySQL
[23-Nov-2025 23:19:51 America/Bogota] ✓ Conexión exitosa a MySQL
[23-Nov-2025 23:19:51 America/Bogota] ✓ Conexión exitosa a MySQL
[23-Nov-2025 23:19:51 America/Bogota] ✓ Conexión exitosa a MySQL
[23-Nov-2025 23:19:51 America/Bogota] ✓ Conexión exitosa a MySQL
[23-Nov-2025 23:19:51 America/Bogota] ✓ Conexión exitosa a MySQL
[23-Nov-2025 23:19:53 America/Bogota] ✓ Conexión exitosa a MySQL
[23-Nov-2025 23:19:53 America/Bogota] ✓ Conexión exitosa a MySQL
[23-Nov-2025 23:19:53 America/Bogota] ✓ Conexión exitosa a MySQL
[23-Nov-2025 23:24:23 America/Bogota] ✓ Conexión exitosa a MySQL
[23-Nov-2025 23:24:23 America/Bogota] ✓ Conexión exitosa a MySQL
[23-Nov-2025 23:24:23 America/Bogota] ✓ Conexión exitosa a MySQL
[23-Nov-2025 23:24:23 America/Bogota] ✓ Conexión exitosa a MySQL
[23-Nov-2025 23:24:23 America/Bogota] ✓ Conexión exitosa a MySQL
[23-Nov-2025 23:24:27 America/Bogota] ✓ Conexión exitosa a MySQL
[23-Nov-2025 23:24:27 America/Bogota] ✓ Conexión exitosa a MySQL
[23-Nov-2025 23:24:27 America/Bogota] ✓ Conexión exitosa a MySQL
[23-Nov-2025 23:24:30 America/Bogota] ✓ Conexión exitosa a MySQL
[23-Nov-2025 23:24:30 America/Bogota] ✓ Conexión exitosa a MySQL
[23-Nov-2025 23:24:30 America/Bogota] ✓ Conexión exitosa a MySQL
[23-Nov-2025 23:24:30 America/Bogota] ✓ Conexión exitosa a MySQL
[23-Nov-2025 23:24:30 America/Bogota] ✓ Conexión exitosa a MySQL
[23-Nov-2025 23:24:33 America/Bogota] ✓ Conexión exitosa a MySQL
[23-Nov-2025 23:24:33 America/Bogota] ✓ Conexión exitosa a MySQL
[23-Nov-2025 23:24:33 America/Bogota] ✓ Conexión exitosa a MySQL
[23-Nov-2025 23:25:09 America/Bogota] ✓ Conexión exitosa a MySQL
[23-Nov-2025 23:25:09 America/Bogota] 📥 RAW INPUT RECIBIDO
[23-Nov-2025 23:25:09 America/Bogota] 📦 INPUT DECODIFICADO CORRECTAMENTE
[23-Nov-2025 23:25:09 America/Bogota] === CREAR COTIZACIÓN ===
[23-Nov-2025 23:25:09 America/Bogota] Máquina ID recibida: MAQ_001
[23-Nov-2025 23:25:09 America/Bogota] Nombre: prueba
[23-Nov-2025 23:25:09 America/Bogota] Peso: 50g
[23-Nov-2025 23:25:09 America/Bogota] Tiempo: 120 min
[23-Nov-2025 23:25:09 America/Bogota] 🆔 ID generado: 1763958309_c3b89e437
[23-Nov-2025 23:25:09 America/Bogota] 🔄 Transacción iniciada
[23-Nov-2025 23:25:09 America/Bogota] ✅ Cotización insertada en BD
[23-Nov-2025 23:25:09 America/Bogota] ✅ Depreciación calculada: 560 COP
[23-Nov-2025 23:25:09 America/Bogota]    Máquina: Ender 3 V3 SE #1 (MAQ_001)
[23-Nov-2025 23:25:09 America/Bogota]    Depreciación/hora: 280.0000 COP
[23-Nov-2025 23:25:09 America/Bogota]    Tiempo: 2 horas
[23-Nov-2025 23:25:09 America/Bogota] 💰 Cálculos completados
[23-Nov-2025 23:25:09 America/Bogota] ✅ Cálculos insertados en BD
[23-Nov-2025 23:25:09 America/Bogota] ✅ Transacción confirmada (COMMIT)
[23-Nov-2025 23:35:07 America/Bogota] ✓ Conexión exitosa a MySQL
[23-Nov-2025 23:35:07 America/Bogota] ✓ Conexión exitosa a MySQL
[23-Nov-2025 23:35:07 America/Bogota] ✓ Conexión exitosa a MySQL
[23-Nov-2025 23:35:07 America/Bogota] ✓ Conexión exitosa a MySQL
[23-Nov-2025 23:35:07 America/Bogota] ✓ Conexión exitosa a MySQL
[23-Nov-2025 23:35:10 America/Bogota] ✓ Conexión exitosa a MySQL
[23-Nov-2025 23:35:10 America/Bogota] ✓ Conexión exitosa a MySQL
[23-Nov-2025 23:35:10 America/Bogota] ✓ Conexión exitosa a MySQL
[23-Nov-2025 23:35:52 America/Bogota] ✓ Conexión exitosa a MySQL
[23-Nov-2025 23:35:52 America/Bogota] 📥 RAW INPUT RECIBIDO
[23-Nov-2025 23:35:52 America/Bogota] 📦 INPUT DECODIFICADO CORRECTAMENTE
[23-Nov-2025 23:35:52 America/Bogota] === CREAR COTIZACIÓN ===
[23-Nov-2025 23:35:52 America/Bogota] Máquina ID recibida: MAQ_001
[23-Nov-2025 23:35:52 America/Bogota] Nombre: Pieza sin nombre
[23-Nov-2025 23:35:52 America/Bogota] Peso: 50g
[23-Nov-2025 23:35:52 America/Bogota] Tiempo: 120 min
[23-Nov-2025 23:35:52 America/Bogota] 🆔 ID generado: 1763958952_eaa3cd21d
[23-Nov-2025 23:35:52 America/Bogota] 🔄 Transacción iniciada
[23-Nov-2025 23:35:52 America/Bogota] ✅ Cotización insertada en BD
[23-Nov-2025 23:35:52 America/Bogota] ✅ Depreciación calculada: 560 COP
[23-Nov-2025 23:35:52 America/Bogota]    Máquina: Ender 3 V3 SE #1 (MAQ_001)
[23-Nov-2025 23:35:52 America/Bogota]    Depreciación/hora: 280.0000 COP
[23-Nov-2025 23:35:52 America/Bogota]    Tiempo: 2 horas
[23-Nov-2025 23:35:52 America/Bogota] 💰 Cálculos completados
[23-Nov-2025 23:35:52 America/Bogota] ✅ Cálculos insertados en BD
[23-Nov-2025 23:35:52 America/Bogota] ✅ Transacción confirmada (COMMIT)
[23-Nov-2025 23:38:45 America/Bogota] ✓ Conexión exitosa a MySQL
[23-Nov-2025 23:38:45 America/Bogota] ✓ Conexión exitosa a MySQL
[23-Nov-2025 23:38:45 America/Bogota] ✓ Conexión exitosa a MySQL
[23-Nov-2025 23:38:45 America/Bogota] ✓ Conexión exitosa a MySQL
[23-Nov-2025 23:38:45 America/Bogota] ✓ Conexión exitosa a MySQL
[23-Nov-2025 23:38:46 America/Bogota] ✓ Conexión exitosa a MySQL
[23-Nov-2025 23:38:46 America/Bogota] ✓ Conexión exitosa a MySQL
[23-Nov-2025 23:38:46 America/Bogota] ✓ Conexión exitosa a MySQL
[23-Nov-2025 23:55:55 America/Bogota] ✓ Conexión exitosa a MySQL
[23-Nov-2025 23:55:55 America/Bogota] 📥 RAW INPUT RECIBIDO
[23-Nov-2025 23:55:55 America/Bogota] 📦 INPUT DECODIFICADO CORRECTAMENTE
[23-Nov-2025 23:55:55 America/Bogota] === CREAR COTIZACIÓN ===
[23-Nov-2025 23:55:55 America/Bogota] Máquina ID recibida: NULL
[23-Nov-2025 23:55:55 America/Bogota] Nombre: Pieza sin nombre
[23-Nov-2025 23:55:55 America/Bogota] Peso: 50g
[23-Nov-2025 23:55:55 America/Bogota] Tiempo: 120 min
[23-Nov-2025 23:55:55 America/Bogota] 🆔 ID generado: 1763960155_8442cf313
[23-Nov-2025 23:55:55 America/Bogota] 🔄 Transacción iniciada
[23-Nov-2025 23:55:55 America/Bogota] ✅ Cotización insertada en BD
[23-Nov-2025 23:55:55 America/Bogota] ⚠️ No se seleccionó máquina, usando cálculo genérico: 8333.33 COP
[23-Nov-2025 23:55:55 America/Bogota] 💰 Cálculos completados
[23-Nov-2025 23:55:55 America/Bogota] ✅ Cálculos insertados en BD
[23-Nov-2025 23:55:55 America/Bogota] ✅ Transacción confirmada (COMMIT)
[24-Nov-2025 01:20:38 America/Bogota] ✓ Conexión exitosa a MySQL
[24-Nov-2025 01:20:38 America/Bogota] ✓ Conexión exitosa a MySQL
[24-Nov-2025 01:20:42 America/Bogota] ✓ Conexión exitosa a MySQL
[24-Nov-2025 01:20:43 America/Bogota] ✓ Conexión exitosa a MySQL
[24-Nov-2025 01:20:44 America/Bogota] ✓ Conexión exitosa a MySQL
[24-Nov-2025 01:20:44 America/Bogota] ✓ Conexión exitosa a MySQL
[24-Nov-2025 01:20:44 America/Bogota] ✓ Conexión exitosa a MySQL
[24-Nov-2025 01:20:44 America/Bogota] ✓ Conexión exitosa a MySQL
[24-Nov-2025 01:20:44 America/Bogota] ✓ Conexión exitosa a MySQL
[24-Nov-2025 01:20:45 America/Bogota] ✓ Conexión exitosa a MySQL
[24-Nov-2025 01:20:45 America/Bogota] ✓ Conexión exitosa a MySQL
[24-Nov-2025 01:20:45 America/Bogota] ✓ Conexión exitosa a MySQL
[24-Nov-2025 01:20:54 America/Bogota] ✓ Conexión exitosa a MySQL
[24-Nov-2025 01:20:54 America/Bogota] ✓ Conexión exitosa a MySQL
[24-Nov-2025 01:20:54 America/Bogota] ✓ Conexión exitosa a MySQL
[24-Nov-2025 01:20:54 America/Bogota] ✓ Conexión exitosa a MySQL
[24-Nov-2025 01:20:54 America/Bogota] ✓ Conexión exitosa a MySQL
[24-Nov-2025 01:20:54 America/Bogota] ✓ Conexión exitosa a MySQL
[24-Nov-2025 01:20:54 America/Bogota] ✓ Conexión exitosa a MySQL
[24-Nov-2025 01:20:55 America/Bogota] ✓ Conexión exitosa a MySQL
[24-Nov-2025 01:23:07 America/Bogota] ✓ Conexión exitosa a MySQL
[24-Nov-2025 01:23:07 America/Bogota] 📥 RAW INPUT RECIBIDO
[24-Nov-2025 01:23:07 America/Bogota] 📦 INPUT DECODIFICADO CORRECTAMENTE
[24-Nov-2025 01:23:07 America/Bogota] === CREAR COTIZACIÓN ===
[24-Nov-2025 01:23:07 America/Bogota] Máquina ID recibida: MAQ_002
[24-Nov-2025 01:23:07 America/Bogota] Nombre: Morrocoy x 12
[24-Nov-2025 01:23:07 America/Bogota] Peso: 100g
[24-Nov-2025 01:23:07 America/Bogota] Tiempo: 300 min
[24-Nov-2025 01:23:07 America/Bogota] 🆔 ID generado: 1763965387_79fada9c5
[24-Nov-2025 01:23:07 America/Bogota] 🔄 Transacción iniciada
[24-Nov-2025 01:23:07 America/Bogota] ✅ Cotización insertada en BD
[24-Nov-2025 01:23:07 America/Bogota] ✅ Depreciación calculada: 1400 COP
[24-Nov-2025 01:23:07 America/Bogota]    Máquina: Ender 3 V3 SE #2 (MAQ_002)
[24-Nov-2025 01:23:07 America/Bogota]    Depreciación/hora: 280.0000 COP
[24-Nov-2025 01:23:07 America/Bogota]    Tiempo: 5 horas
[24-Nov-2025 01:23:07 America/Bogota] 💰 Cálculos completados
[24-Nov-2025 01:23:07 America/Bogota] ✅ Cálculos insertados en BD
[24-Nov-2025 01:23:07 America/Bogota] ✅ Transacción confirmada (COMMIT)
[24-Nov-2025 01:39:36 America/Bogota] ✓ Conexión exitosa a MySQL
[24-Nov-2025 01:40:01 America/Bogota] ✓ Conexión exitosa a MySQL
[24-Nov-2025 01:40:01 America/Bogota] ✓ Conexión exitosa a MySQL
[24-Nov-2025 01:40:01 America/Bogota] ✓ Conexión exitosa a MySQL
[24-Nov-2025 01:40:01 America/Bogota] ✓ Conexión exitosa a MySQL
[24-Nov-2025 01:40:01 America/Bogota] ✓ Conexión exitosa a MySQL
[24-Nov-2025 01:40:04 America/Bogota] ✓ Conexión exitosa a MySQL
[24-Nov-2025 01:40:04 America/Bogota] ✓ Conexión exitosa a MySQL
[24-Nov-2025 01:40:05 America/Bogota] ✓ Conexión exitosa a MySQL
[24-Nov-2025 01:40:55 America/Bogota] ✓ Conexión exitosa a MySQL
[24-Nov-2025 01:40:55 America/Bogota] 📥 RAW INPUT RECIBIDO
[24-Nov-2025 01:40:55 America/Bogota] 📦 INPUT DECODIFICADO CORRECTAMENTE
[24-Nov-2025 01:40:55 America/Bogota] === CREAR COTIZACIÓN ===
[24-Nov-2025 01:40:55 America/Bogota] Máquina ID recibida: MAQ_001
[24-Nov-2025 01:40:55 America/Bogota] Nombre: Prueba
[24-Nov-2025 01:40:55 America/Bogota] Peso: 50g
[24-Nov-2025 01:40:55 America/Bogota] Tiempo: 120 min
[24-Nov-2025 01:40:55 America/Bogota] 🆔 ID generado: 1763966455_cc990ca6e
[24-Nov-2025 01:40:55 America/Bogota] 🔄 Transacción iniciada
[24-Nov-2025 01:40:55 America/Bogota] ✅ Cotización insertada en BD
[24-Nov-2025 01:40:55 America/Bogota] ✅ Depreciación calculada: 560 COP
[24-Nov-2025 01:40:55 America/Bogota]    Máquina: Ender 3 V3 SE #1 (MAQ_001)
[24-Nov-2025 01:40:55 America/Bogota]    Depreciación/hora: 280.0000 COP
[24-Nov-2025 01:40:55 America/Bogota]    Tiempo: 2 horas
[24-Nov-2025 01:40:55 America/Bogota] 💰 Cálculos completados
[24-Nov-2025 01:40:55 America/Bogota] ✅ Cálculos insertados en BD
[24-Nov-2025 01:40:55 America/Bogota] ✅ Transacción confirmada (COMMIT)
[24-Nov-2025 01:42:34 America/Bogota] ✓ Conexión exitosa a MySQL
[24-Nov-2025 07:29:41 America/Bogota] ✓ Conexión exitosa a MySQL
[24-Nov-2025 07:29:41 America/Bogota] ✓ Conexión exitosa a MySQL
[24-Nov-2025 07:29:41 America/Bogota] ✓ Conexión exitosa a MySQL
[24-Nov-2025 07:29:41 America/Bogota] ✓ Conexión exitosa a MySQL
[24-Nov-2025 07:29:41 America/Bogota] ✓ Conexión exitosa a MySQL
[24-Nov-2025 07:29:41 America/Bogota] ✓ Conexión exitosa a MySQL
[24-Nov-2025 07:29:41 America/Bogota] ✓ Conexión exitosa a MySQL
[24-Nov-2025 07:29:41 America/Bogota] ✓ Conexión exitosa a MySQL
[24-Nov-2025 07:34:45 America/Bogota] ✓ Conexión exitosa a MySQL
[24-Nov-2025 07:34:45 America/Bogota] 📥 RAW INPUT RECIBIDO
[24-Nov-2025 07:34:45 America/Bogota] 📦 INPUT DECODIFICADO CORRECTAMENTE
[24-Nov-2025 07:34:45 America/Bogota] === CREAR COTIZACIÓN ===
[24-Nov-2025 07:34:45 America/Bogota] Máquina ID recibida: MAQ_002
[24-Nov-2025 07:34:45 America/Bogota] Nombre: Benchy
[24-Nov-2025 07:34:45 America/Bogota] Peso: 3.4g
[24-Nov-2025 07:34:45 America/Bogota] Tiempo: 39 min
[24-Nov-2025 07:34:45 America/Bogota] 🆔 ID generado: 1763987685_5700bd535
[24-Nov-2025 07:34:45 America/Bogota] 🔄 Transacción iniciada
[24-Nov-2025 07:34:45 America/Bogota] ✅ Cotización insertada en BD
[24-Nov-2025 07:34:45 America/Bogota] ✅ Depreciación calculada: 182 COP
[24-Nov-2025 07:34:45 America/Bogota]    Máquina: Ender 3 V3 SE #2 (MAQ_002)
[24-Nov-2025 07:34:45 America/Bogota]    Depreciación/hora: 280.0000 COP
[24-Nov-2025 07:34:45 America/Bogota]    Tiempo: 0.65 horas
[24-Nov-2025 07:34:45 America/Bogota] 💰 Cálculos completados
[24-Nov-2025 07:34:45 America/Bogota] ✅ Cálculos insertados en BD
[24-Nov-2025 07:34:45 America/Bogota] ✅ Transacción confirmada (COMMIT)
[24-Nov-2025 07:47:28 America/Bogota] ✓ Conexión exitosa a MySQL
[24-Nov-2025 07:47:28 America/Bogota] ✓ Conexión exitosa a MySQL
[24-Nov-2025 07:47:28 America/Bogota] ✓ Conexión exitosa a MySQL
[24-Nov-2025 07:47:28 America/Bogota] ✓ Conexión exitosa a MySQL
[24-Nov-2025 07:47:28 America/Bogota] ✓ Conexión exitosa a MySQL
[24-Nov-2025 07:47:31 America/Bogota] ✓ Conexión exitosa a MySQL
[24-Nov-2025 07:47:31 America/Bogota] ✓ Conexión exitosa a MySQL
[24-Nov-2025 07:47:31 America/Bogota] ✓ Conexión exitosa a MySQL
[24-Nov-2025 07:49:58 America/Bogota] ✓ Conexión exitosa a MySQL
[24-Nov-2025 07:49:58 America/Bogota] 📥 RAW INPUT RECIBIDO
[24-Nov-2025 07:49:58 America/Bogota] 📦 INPUT DECODIFICADO CORRECTAMENTE
[24-Nov-2025 07:49:58 America/Bogota] === CREAR COTIZACIÓN ===
[24-Nov-2025 07:49:58 America/Bogota] Máquina ID recibida: MAQ_002
[24-Nov-2025 07:49:58 America/Bogota] Nombre: Llavero Dragon x 30
[24-Nov-2025 07:49:58 America/Bogota] Peso: 50g
[24-Nov-2025 07:49:58 America/Bogota] Tiempo: 571 min
[24-Nov-2025 07:49:58 America/Bogota] 🆔 ID generado: 1763988598_f3344910d
[24-Nov-2025 07:49:58 America/Bogota] 🔄 Transacción iniciada
[24-Nov-2025 07:49:58 America/Bogota] ✅ Cotización insertada en BD
[24-Nov-2025 07:49:58 America/Bogota] ✅ Depreciación calculada: 2664.67 COP
[24-Nov-2025 07:49:58 America/Bogota]    Máquina: Ender 3 V3 SE #2 (MAQ_002)
[24-Nov-2025 07:49:58 America/Bogota]    Depreciación/hora: 280.0000 COP
[24-Nov-2025 07:49:58 America/Bogota]    Tiempo: 9.5166666666667 horas
[24-Nov-2025 07:49:58 America/Bogota] 💰 Cálculos completados
[24-Nov-2025 07:49:58 America/Bogota] ✅ Cálculos insertados en BD
[24-Nov-2025 07:49:58 America/Bogota] ✅ Transacción confirmada (COMMIT)
[24-Nov-2025 07:51:49 America/Bogota] ✓ Conexión exitosa a MySQL
[24-Nov-2025 07:51:49 America/Bogota] 📥 RAW INPUT RECIBIDO
[24-Nov-2025 07:51:49 America/Bogota] 📦 INPUT DECODIFICADO CORRECTAMENTE
[24-Nov-2025 07:51:49 America/Bogota] === CREAR COTIZACIÓN ===
[24-Nov-2025 07:51:49 America/Bogota] Máquina ID recibida: MAQ_002
[24-Nov-2025 07:51:49 America/Bogota] Nombre: Llavero Dragon x 30
[24-Nov-2025 07:51:49 America/Bogota] Peso: 50g
[24-Nov-2025 07:51:49 America/Bogota] Tiempo: 571 min
[24-Nov-2025 07:51:49 America/Bogota] 🆔 ID generado: 1763988709_28e846023
[24-Nov-2025 07:51:49 America/Bogota] 🔄 Transacción iniciada
[24-Nov-2025 07:51:49 America/Bogota] ✅ Cotización insertada en BD
[24-Nov-2025 07:51:49 America/Bogota] ✅ Depreciación calculada: 2664.67 COP
[24-Nov-2025 07:51:49 America/Bogota]    Máquina: Ender 3 V3 SE #2 (MAQ_002)
[24-Nov-2025 07:51:49 America/Bogota]    Depreciación/hora: 280.0000 COP
[24-Nov-2025 07:51:49 America/Bogota]    Tiempo: 9.5166666666667 horas
[24-Nov-2025 07:51:49 America/Bogota] 💰 Cálculos completados
[24-Nov-2025 07:51:49 America/Bogota] ✅ Cálculos insertados en BD
[24-Nov-2025 07:51:49 America/Bogota] ✅ Transacción confirmada (COMMIT)
[24-Nov-2025 08:19:18 America/Bogota] ✓ Conexión exitosa a MySQL
[24-Nov-2025 08:19:43 America/Bogota] ✓ Conexión exitosa a MySQL
[24-Nov-2025 08:19:43 America/Bogota] ✓ Conexión exitosa a MySQL
[24-Nov-2025 08:19:43 America/Bogota] ✓ Conexión exitosa a MySQL
[24-Nov-2025 08:19:43 America/Bogota] ✓ Conexión exitosa a MySQL
[24-Nov-2025 08:19:43 America/Bogota] ✓ Conexión exitosa a MySQL
[24-Nov-2025 08:19:45 America/Bogota] ✓ Conexión exitosa a MySQL
[24-Nov-2025 08:19:45 America/Bogota] ✓ Conexión exitosa a MySQL
[24-Nov-2025 08:19:45 America/Bogota] ✓ Conexión exitosa a MySQL
[24-Nov-2025 08:20:47 America/Bogota] ✓ Conexión exitosa a MySQL
[24-Nov-2025 08:20:47 America/Bogota] ✓ Conexión exitosa a MySQL
[24-Nov-2025 08:20:47 America/Bogota] ✓ Conexión exitosa a MySQL
[24-Nov-2025 08:20:47 America/Bogota] ✓ Conexión exitosa a MySQL
[24-Nov-2025 08:20:47 America/Bogota] ✓ Conexión exitosa a MySQL
[24-Nov-2025 08:20:49 America/Bogota] ✓ Conexión exitosa a MySQL
[24-Nov-2025 08:20:49 America/Bogota] ✓ Conexión exitosa a MySQL
[24-Nov-2025 08:20:49 America/Bogota] ✓ Conexión exitosa a MySQL
[24-Nov-2025 08:21:19 America/Bogota] ✓ Conexión exitosa a MySQL
[24-Nov-2025 08:21:19 America/Bogota] 📥 RAW INPUT RECIBIDO
[24-Nov-2025 08:21:19 America/Bogota] 📦 INPUT DECODIFICADO CORRECTAMENTE
[24-Nov-2025 08:21:19 America/Bogota] === CREAR COTIZACIÓN ===
[24-Nov-2025 08:21:19 America/Bogota] Máquina ID recibida: MAQ_001
[24-Nov-2025 08:21:19 America/Bogota] Nombre: Benchy
[24-Nov-2025 08:21:19 America/Bogota] Peso: 50g
[24-Nov-2025 08:21:19 America/Bogota] Tiempo: 120 min
[24-Nov-2025 08:21:19 America/Bogota] 🆔 ID generado: 1763990479_9dffcb546
[24-Nov-2025 08:21:19 America/Bogota] 🔄 Transacción iniciada
[24-Nov-2025 08:21:19 America/Bogota] ✅ Cotización insertada en BD
[24-Nov-2025 08:21:19 America/Bogota] ✅ Depreciación calculada: 560 COP
[24-Nov-2025 08:21:19 America/Bogota]    Máquina: Ender 3 V3 SE #1 (MAQ_001)
[24-Nov-2025 08:21:19 America/Bogota]    Depreciación/hora: 280.0000 COP
[24-Nov-2025 08:21:19 America/Bogota]    Tiempo: 2 horas
[24-Nov-2025 08:21:19 America/Bogota] 💰 Cálculos completados
[24-Nov-2025 08:21:19 America/Bogota] ✅ Cálculos insertados en BD
[24-Nov-2025 08:21:19 America/Bogota] ✅ Transacción confirmada (COMMIT)
[24-Nov-2025 08:22:04 America/Bogota] ✓ Conexión exitosa a MySQL
[24-Nov-2025 08:22:04 America/Bogota] 📥 RAW INPUT RECIBIDO
[24-Nov-2025 08:22:04 America/Bogota] 📦 INPUT DECODIFICADO CORRECTAMENTE
[24-Nov-2025 08:22:04 America/Bogota] === CREAR COTIZACIÓN ===
[24-Nov-2025 08:22:04 America/Bogota] Máquina ID recibida: MAQ_001
[24-Nov-2025 08:22:04 America/Bogota] Nombre: Benchy
[24-Nov-2025 08:22:04 America/Bogota] Peso: 50g
[24-Nov-2025 08:22:04 America/Bogota] Tiempo: 120 min
[24-Nov-2025 08:22:04 America/Bogota] 🆔 ID generado: 1763990524_7f9aded2c
[24-Nov-2025 08:22:04 America/Bogota] 🔄 Transacción iniciada
[24-Nov-2025 08:22:04 America/Bogota] ✅ Cotización insertada en BD
[24-Nov-2025 08:22:04 America/Bogota] ✅ Depreciación calculada: 560 COP
[24-Nov-2025 08:22:04 America/Bogota]    Máquina: Ender 3 V3 SE #1 (MAQ_001)
[24-Nov-2025 08:22:04 America/Bogota]    Depreciación/hora: 280.0000 COP
[24-Nov-2025 08:22:04 America/Bogota]    Tiempo: 2 horas
[24-Nov-2025 08:22:04 America/Bogota] 💰 Cálculos completados
[24-Nov-2025 08:22:04 America/Bogota] ✅ Cálculos insertados en BD
[24-Nov-2025 08:22:04 America/Bogota] ✅ Transacción confirmada (COMMIT)
[24-Nov-2025 08:22:25 America/Bogota] ✓ Conexión exitosa a MySQL
[24-Nov-2025 08:22:25 America/Bogota] 📥 RAW INPUT RECIBIDO
[24-Nov-2025 08:22:25 America/Bogota] 📦 INPUT DECODIFICADO CORRECTAMENTE
[24-Nov-2025 08:22:25 America/Bogota] === CREAR COTIZACIÓN ===
[24-Nov-2025 08:22:25 America/Bogota] Máquina ID recibida: MAQ_001
[24-Nov-2025 08:22:25 America/Bogota] Nombre: Benchy
[24-Nov-2025 08:22:25 America/Bogota] Peso: 50g
[24-Nov-2025 08:22:25 America/Bogota] Tiempo: 120 min
[24-Nov-2025 08:22:25 America/Bogota] 🆔 ID generado: 1763990545_80d22418b
[24-Nov-2025 08:22:25 America/Bogota] 🔄 Transacción iniciada
[24-Nov-2025 08:22:25 America/Bogota] ✅ Cotización insertada en BD
[24-Nov-2025 08:22:25 America/Bogota] ✅ Insumos de postprocesado guardados
[24-Nov-2025 08:22:25 America/Bogota] ✅ Depreciación calculada: 560 COP
[24-Nov-2025 08:22:25 America/Bogota]    Máquina: Ender 3 V3 SE #1 (MAQ_001)
[24-Nov-2025 08:22:25 America/Bogota]    Depreciación/hora: 280.0000 COP
[24-Nov-2025 08:22:25 America/Bogota]    Tiempo: 2 horas
[24-Nov-2025 08:22:25 America/Bogota] 💰 Cálculos completados
[24-Nov-2025 08:22:25 America/Bogota] ✅ Cálculos insertados en BD
[24-Nov-2025 08:22:25 America/Bogota] ✅ Transacción confirmada (COMMIT)
[24-Nov-2025 09:10:53 America/Bogota] ✓ Conexión exitosa a MySQL
[24-Nov-2025 09:10:53 America/Bogota] ✓ Conexión exitosa a MySQL
[24-Nov-2025 09:10:55 America/Bogota] ✓ Conexión exitosa a MySQL
[24-Nov-2025 09:10:55 America/Bogota] ✓ Conexión exitosa a MySQL
[24-Nov-2025 09:13:43 America/Bogota] ✓ Conexión exitosa a MySQL
[24-Nov-2025 09:13:43 America/Bogota] ✓ Conexión exitosa a MySQL
[24-Nov-2025 09:13:43 America/Bogota] ✓ Conexión exitosa a MySQL
[24-Nov-2025 09:13:43 America/Bogota] ✓ Conexión exitosa a MySQL
[24-Nov-2025 09:13:43 America/Bogota] ✓ Conexión exitosa a MySQL
[24-Nov-2025 09:13:43 America/Bogota] ✓ Conexión exitosa a MySQL
[24-Nov-2025 09:13:43 America/Bogota] ✓ Conexión exitosa a MySQL
[24-Nov-2025 09:13:50 America/Bogota] ✓ Conexión exitosa a MySQL
[24-Nov-2025 09:13:50 America/Bogota] ✓ Conexión exitosa a MySQL
[24-Nov-2025 09:13:50 America/Bogota] ✓ Conexión exitosa a MySQL
[24-Nov-2025 09:13:50 America/Bogota] ✓ Conexión exitosa a MySQL
[24-Nov-2025 09:14:05 America/Bogota] ✓ Conexión exitosa a MySQL
[24-Nov-2025 09:14:05 America/Bogota] ✓ Conexión exitosa a MySQL
[24-Nov-2025 09:14:05 America/Bogota] ✓ Conexión exitosa a MySQL
[24-Nov-2025 09:14:05 America/Bogota] ✓ Conexión exitosa a MySQL
[24-Nov-2025 09:14:05 America/Bogota] ✓ Conexión exitosa a MySQL
[24-Nov-2025 09:14:05 America/Bogota] ✓ Conexión exitosa a MySQL
[24-Nov-2025 09:14:05 America/Bogota] ✓ Conexión exitosa a MySQL
[24-Nov-2025 09:14:05 America/Bogota] ✓ Conexión exitosa a MySQL
[24-Nov-2025 09:14:18 America/Bogota] ✓ Conexión exitosa a MySQL
[24-Nov-2025 09:14:18 America/Bogota] ✓ Conexión exitosa a MySQL
[24-Nov-2025 09:14:19 America/Bogota] ✓ Conexión exitosa a MySQL
[24-Nov-2025 09:14:19 America/Bogota] ✓ Conexión exitosa a MySQL
[24-Nov-2025 09:25:58 America/Bogota] ✓ Conexión exitosa a MySQL
[24-Nov-2025 09:25:58 America/Bogota] ✓ Conexión exitosa a MySQL
[24-Nov-2025 09:26:00 America/Bogota] ✓ Conexión exitosa a MySQL
[24-Nov-2025 09:26:00 America/Bogota] ✓ Conexión exitosa a MySQL
[24-Nov-2025 09:26:30 America/Bogota] ✓ Conexión exitosa a MySQL
[24-Nov-2025 09:26:30 America/Bogota] ✓ Conexión exitosa a MySQL
[24-Nov-2025 09:26:30 America/Bogota] ✓ Conexión exitosa a MySQL
[24-Nov-2025 09:26:30 America/Bogota] ✓ Conexión exitosa a MySQL
[24-Nov-2025 09:26:31 America/Bogota] ✓ Conexión exitosa a MySQL
[24-Nov-2025 09:26:31 America/Bogota] ✓ Conexión exitosa a MySQL
[24-Nov-2025 09:26:31 America/Bogota] ✓ Conexión exitosa a MySQL
[24-Nov-2025 09:28:01 America/Bogota] ✓ Conexión exitosa a MySQL
[24-Nov-2025 09:28:23 America/Bogota] ✓ Conexión exitosa a MySQL
[24-Nov-2025 09:28:23 America/Bogota] ✓ Conexión exitosa a MySQL
[24-Nov-2025 09:28:23 America/Bogota] ✓ Conexión exitosa a MySQL
[24-Nov-2025 09:28:23 America/Bogota] ✓ Conexión exitosa a MySQL
[24-Nov-2025 09:28:28 America/Bogota] ✓ Conexión exitosa a MySQL
[24-Nov-2025 09:28:28 America/Bogota] ✓ Conexión exitosa a MySQL
[24-Nov-2025 09:28:28 America/Bogota] ✓ Conexión exitosa a MySQL
[24-Nov-2025 09:28:28 America/Bogota] ✓ Conexión exitosa a MySQL
[24-Nov-2025 09:28:50 America/Bogota] ✓ Conexión exitosa a MySQL
[24-Nov-2025 09:28:50 America/Bogota] ✓ Conexión exitosa a MySQL
[24-Nov-2025 09:28:51 America/Bogota] ✓ Conexión exitosa a MySQL
[24-Nov-2025 09:28:51 America/Bogota] ✓ Conexión exitosa a MySQL
[24-Nov-2025 09:28:57 America/Bogota] ✓ Conexión exitosa a MySQL
[24-Nov-2025 09:28:57 America/Bogota] ✓ Conexión exitosa a MySQL
[24-Nov-2025 09:28:57 America/Bogota] ✓ Conexión exitosa a MySQL
[24-Nov-2025 09:28:57 America/Bogota] ✓ Conexión exitosa a MySQL
[24-Nov-2025 09:35:25 America/Bogota] ✓ Conexión exitosa a MySQL
[24-Nov-2025 09:35:25 America/Bogota] ✓ Conexión exitosa a MySQL
[24-Nov-2025 09:35:27 America/Bogota] ✓ Conexión exitosa a MySQL
[24-Nov-2025 09:35:27 America/Bogota] ✓ Conexión exitosa a MySQL
[24-Nov-2025 09:35:29 America/Bogota] ✓ Conexión exitosa a MySQL
[24-Nov-2025 09:35:29 America/Bogota] ✓ Conexión exitosa a MySQL
[24-Nov-2025 09:35:29 America/Bogota] ✓ Conexión exitosa a MySQL
[24-Nov-2025 09:35:29 America/Bogota] ✓ Conexión exitosa a MySQL
[24-Nov-2025 09:35:29 America/Bogota] ✓ Conexión exitosa a MySQL
[24-Nov-2025 09:35:29 America/Bogota] ✓ Conexión exitosa a MySQL
[24-Nov-2025 09:35:29 America/Bogota] ✓ Conexión exitosa a MySQL
[24-Nov-2025 09:35:29 America/Bogota] ✓ Conexión exitosa a MySQL
[24-Nov-2025 09:35:42 America/Bogota] ✓ Conexión exitosa a MySQL
[24-Nov-2025 09:35:42 America/Bogota] ✓ Conexión exitosa a MySQL
[24-Nov-2025 09:35:42 America/Bogota] ✓ Conexión exitosa a MySQL
[24-Nov-2025 09:35:43 America/Bogota] ✓ Conexión exitosa a MySQL
[24-Nov-2025 09:39:12 America/Bogota] ✓ Conexión exitosa a MySQL
[24-Nov-2025 09:39:12 America/Bogota] ✓ Conexión exitosa a MySQL
[24-Nov-2025 09:39:14 America/Bogota] ✓ Conexión exitosa a MySQL
[24-Nov-2025 09:39:14 America/Bogota] ✓ Conexión exitosa a MySQL
[24-Nov-2025 09:46:00 America/Bogota] ✓ Conexión exitosa a MySQL
[24-Nov-2025 09:51:05 America/Bogota] ✓ Conexión exitosa a MySQL
[24-Nov-2025 09:51:05 America/Bogota] ✓ Conexión exitosa a MySQL
[24-Nov-2025 09:51:08 America/Bogota] ✓ Conexión exitosa a MySQL
[24-Nov-2025 09:51:08 America/Bogota] ✓ Conexión exitosa a MySQL
[24-Nov-2025 09:51:33 America/Bogota] ✓ Conexión exitosa a MySQL
[24-Nov-2025 09:51:34 America/Bogota] ✓ Conexión exitosa a MySQL
[24-Nov-2025 09:51:34 America/Bogota] ✓ Conexión exitosa a MySQL
[24-Nov-2025 09:51:43 America/Bogota] ✓ Conexión exitosa a MySQL
[24-Nov-2025 09:51:43 America/Bogota] ✓ Conexión exitosa a MySQL
[24-Nov-2025 09:51:43 America/Bogota] ✓ Conexión exitosa a MySQL
[24-Nov-2025 09:51:43 America/Bogota] ✓ Conexión exitosa a MySQL
[24-Nov-2025 09:51:46 America/Bogota] ✓ Conexión exitosa a MySQL
[24-Nov-2025 09:51:46 America/Bogota] ✓ Conexión exitosa a MySQL
[24-Nov-2025 09:51:46 America/Bogota] ✓ Conexión exitosa a MySQL
[24-Nov-2025 09:51:46 America/Bogota] ✓ Conexión exitosa a MySQL
[24-Nov-2025 09:51:46 America/Bogota] ✓ Conexión exitosa a MySQL
[24-Nov-2025 09:51:47 America/Bogota] ✓ Conexión exitosa a MySQL
[24-Nov-2025 09:51:47 America/Bogota] ✓ Conexión exitosa a MySQL
[24-Nov-2025 09:51:47 America/Bogota] ✓ Conexión exitosa a MySQL
[24-Nov-2025 09:51:50 America/Bogota] ✓ Conexión exitosa a MySQL
[24-Nov-2025 09:51:50 America/Bogota] ✓ Conexión exitosa a MySQL
[24-Nov-2025 09:51:50 America/Bogota] ✓ Conexión exitosa a MySQL
[24-Nov-2025 09:51:50 America/Bogota] ✓ Conexión exitosa a MySQL
[24-Nov-2025 09:51:50 America/Bogota] ✓ Conexión exitosa a MySQL
[24-Nov-2025 09:51:50 America/Bogota] ✓ Conexión exitosa a MySQL
[24-Nov-2025 09:51:50 America/Bogota] ✓ Conexión exitosa a MySQL
[24-Nov-2025 09:51:50 America/Bogota] ✓ Conexión exitosa a MySQL
[24-Nov-2025 09:51:52 America/Bogota] ✓ Conexión exitosa a MySQL
[24-Nov-2025 09:51:52 America/Bogota] ✓ Conexión exitosa a MySQL
[24-Nov-2025 09:51:52 America/Bogota] ✓ Conexión exitosa a MySQL
[24-Nov-2025 09:51:52 America/Bogota] ✓ Conexión exitosa a MySQL
[24-Nov-2025 09:54:54 America/Bogota] ✓ Conexión exitosa a MySQL
[24-Nov-2025 09:54:55 America/Bogota] ✓ Conexión exitosa a MySQL
[24-Nov-2025 09:54:55 America/Bogota] ✓ Conexión exitosa a MySQL
[24-Nov-2025 09:54:57 America/Bogota] ✓ Conexión exitosa a MySQL
[24-Nov-2025 09:54:58 America/Bogota] ✓ Conexión exitosa a MySQL
[24-Nov-2025 09:54:58 America/Bogota] ✓ Conexión exitosa a MySQL
[24-Nov-2025 09:55:12 America/Bogota] ✓ Conexión exitosa a MySQL
[24-Nov-2025 09:55:12 America/Bogota] ✓ Conexión exitosa a MySQL
[24-Nov-2025 09:55:12 America/Bogota] ✓ Conexión exitosa a MySQL
[24-Nov-2025 09:55:12 America/Bogota] ✓ Conexión exitosa a MySQL
[24-Nov-2025 09:55:23 America/Bogota] ✓ Conexión exitosa a MySQL
[24-Nov-2025 09:55:24 America/Bogota] ✓ Conexión exitosa a MySQL
[24-Nov-2025 09:55:24 America/Bogota] ✓ Conexión exitosa a MySQL
[24-Nov-2025 09:56:15 America/Bogota] ✓ Conexión exitosa a MySQL
[24-Nov-2025 09:56:15 America/Bogota] ✓ Conexión exitosa a MySQL
[24-Nov-2025 09:56:15 America/Bogota] ✓ Conexión exitosa a MySQL
[24-Nov-2025 09:57:24 America/Bogota] ✓ Conexión exitosa a MySQL
[24-Nov-2025 09:57:24 America/Bogota] ✓ Conexión exitosa a MySQL
[24-Nov-2025 09:57:26 America/Bogota] ✓ Conexión exitosa a MySQL
[24-Nov-2025 09:57:26 America/Bogota] ✓ Conexión exitosa a MySQL
[24-Nov-2025 10:00:21 America/Bogota] ✓ Conexión exitosa a MySQL
[24-Nov-2025 10:00:23 America/Bogota] ✓ Conexión exitosa a MySQL
[24-Nov-2025 10:00:23 America/Bogota] ✓ Conexión exitosa a MySQL
[24-Nov-2025 10:04:44 America/Bogota] ✓ Conexión exitosa a MySQL
[24-Nov-2025 10:04:44 America/Bogota] ✓ Conexión exitosa a MySQL
[24-Nov-2025 10:04:46 America/Bogota] ✓ Conexión exitosa a MySQL
[24-Nov-2025 10:04:47 America/Bogota] ✓ Conexión exitosa a MySQL
[24-Nov-2025 10:04:56 America/Bogota] ✓ Conexión exitosa a MySQL
[24-Nov-2025 10:06:53 America/Bogota] ✓ Conexión exitosa a MySQL
[24-Nov-2025 10:07:00 America/Bogota] ✓ Conexión exitosa a MySQL
[24-Nov-2025 10:07:00 America/Bogota] ✓ Conexión exitosa a MySQL
[24-Nov-2025 10:07:01 America/Bogota] ✓ Conexión exitosa a MySQL
[24-Nov-2025 10:07:01 America/Bogota] ✓ Conexión exitosa a MySQL
[24-Nov-2025 10:07:02 America/Bogota] ✓ Conexión exitosa a MySQL
[24-Nov-2025 10:07:02 America/Bogota] ✓ Conexión exitosa a MySQL
[24-Nov-2025 10:07:02 America/Bogota] ✓ Conexión exitosa a MySQL
[24-Nov-2025 10:07:02 America/Bogota] ✓ Conexión exitosa a MySQL
[24-Nov-2025 10:07:03 America/Bogota] ✓ Conexión exitosa a MySQL
[24-Nov-2025 10:07:03 America/Bogota] ✓ Conexión exitosa a MySQL
[24-Nov-2025 10:07:03 America/Bogota] ✓ Conexión exitosa a MySQL
[24-Nov-2025 10:07:03 America/Bogota] ✓ Conexión exitosa a MySQL
[24-Nov-2025 10:08:15 America/Bogota] ✓ Conexión exitosa a MySQL
[24-Nov-2025 10:08:15 America/Bogota] 📥 RAW INPUT RECIBIDO
[24-Nov-2025 10:08:15 America/Bogota] 📦 INPUT DECODIFICADO CORRECTAMENTE
[24-Nov-2025 10:08:15 America/Bogota] === CREAR COTIZACIÓN ===
[24-Nov-2025 10:08:15 America/Bogota] Máquina ID recibida: MAQ_001
[24-Nov-2025 10:08:15 America/Bogota] Nombre: Pieza sin nombre
[24-Nov-2025 10:08:15 America/Bogota] Peso: 50g
[24-Nov-2025 10:08:15 America/Bogota] Tiempo: 120 min
[24-Nov-2025 10:08:15 America/Bogota] 🆔 ID generado: 1763996895_f3145d4c0
[24-Nov-2025 10:08:15 America/Bogota] 🔄 Transacción iniciada
[24-Nov-2025 10:08:15 America/Bogota] ✅ Cotización insertada en BD
[24-Nov-2025 10:08:15 America/Bogota] ✅ Insumos de postprocesado guardados
[24-Nov-2025 10:08:15 America/Bogota] ✅ Depreciación calculada: 560 COP
[24-Nov-2025 10:08:15 America/Bogota]    Máquina: Ender 3 V3 SE #1 (MAQ_001)
[24-Nov-2025 10:08:15 America/Bogota]    Depreciación/hora: 280.0000 COP
[24-Nov-2025 10:08:15 America/Bogota]    Tiempo: 2 horas
[24-Nov-2025 10:08:15 America/Bogota] 💰 Cálculos completados
[24-Nov-2025 10:08:15 America/Bogota] ✅ Cálculos insertados en BD
[24-Nov-2025 10:08:15 America/Bogota] ✅ Transacción confirmada (COMMIT)
[24-Nov-2025 10:09:03 America/Bogota] ✓ Conexión exitosa a MySQL
[24-Nov-2025 10:09:03 America/Bogota] 📥 RAW INPUT RECIBIDO
[24-Nov-2025 10:09:03 America/Bogota] 📦 INPUT DECODIFICADO CORRECTAMENTE
[24-Nov-2025 10:09:03 America/Bogota] === CREAR COTIZACIÓN ===
[24-Nov-2025 10:09:03 America/Bogota] Máquina ID recibida: MAQ_001
[24-Nov-2025 10:09:03 America/Bogota] Nombre: Pieza sin nombre
[24-Nov-2025 10:09:03 America/Bogota] Peso: 50g
[24-Nov-2025 10:09:03 America/Bogota] Tiempo: 120 min
[24-Nov-2025 10:09:03 America/Bogota] 🆔 ID generado: 1763996943_f818bb8f4
[24-Nov-2025 10:09:03 America/Bogota] 🔄 Transacción iniciada
[24-Nov-2025 10:09:03 America/Bogota] ✅ Cotización insertada en BD
[24-Nov-2025 10:09:03 America/Bogota] ✅ Insumos de postprocesado guardados
[24-Nov-2025 10:09:03 America/Bogota] ✅ Depreciación calculada: 560 COP
[24-Nov-2025 10:09:03 America/Bogota]    Máquina: Ender 3 V3 SE #1 (MAQ_001)
[24-Nov-2025 10:09:03 America/Bogota]    Depreciación/hora: 280.0000 COP
[24-Nov-2025 10:09:03 America/Bogota]    Tiempo: 2 horas
[24-Nov-2025 10:09:03 America/Bogota] 💰 Cálculos completados
[24-Nov-2025 10:09:03 America/Bogota] ✅ Cálculos insertados en BD
[24-Nov-2025 10:09:03 America/Bogota] ✅ Transacción confirmada (COMMIT)
[24-Nov-2025 10:12:57 America/Bogota] ✓ Conexión exitosa a MySQL
[24-Nov-2025 10:12:57 America/Bogota] 📥 RAW INPUT RECIBIDO
[24-Nov-2025 10:12:57 America/Bogota] 📦 INPUT DECODIFICADO CORRECTAMENTE
[24-Nov-2025 10:12:57 America/Bogota] === CREAR COTIZACIÓN ===
[24-Nov-2025 10:12:57 America/Bogota] Máquina ID recibida: MAQ_001
[24-Nov-2025 10:12:57 America/Bogota] Nombre: Pieza sin nombre
[24-Nov-2025 10:12:57 America/Bogota] Peso: 50g
[24-Nov-2025 10:12:57 America/Bogota] Tiempo: 120 min
[24-Nov-2025 10:12:57 America/Bogota] 🆔 ID generado: 1763997177_cf89488bc
[24-Nov-2025 10:12:57 America/Bogota] 🔄 Transacción iniciada
[24-Nov-2025 10:12:57 America/Bogota] ✅ Cotización insertada en BD
[24-Nov-2025 10:12:57 America/Bogota] ✅ Insumos de postprocesado guardados
[24-Nov-2025 10:12:57 America/Bogota] ✅ Depreciación calculada: 560 COP
[24-Nov-2025 10:12:57 America/Bogota]    Máquina: Ender 3 V3 SE #1 (MAQ_001)
[24-Nov-2025 10:12:57 America/Bogota]    Depreciación/hora: 280.0000 COP
[24-Nov-2025 10:12:57 America/Bogota]    Tiempo: 2 horas
[24-Nov-2025 10:12:57 America/Bogota] 💰 Cálculos completados
[24-Nov-2025 10:12:57 America/Bogota] ✅ Cálculos insertados en BD
[24-Nov-2025 10:12:57 America/Bogota] ✅ Transacción confirmada (COMMIT)
[24-Nov-2025 10:13:28 America/Bogota] ✓ Conexión exitosa a MySQL
[24-Nov-2025 10:13:28 America/Bogota] 📥 RAW INPUT RECIBIDO
[24-Nov-2025 10:13:28 America/Bogota] 📦 INPUT DECODIFICADO CORRECTAMENTE
[24-Nov-2025 10:13:28 America/Bogota] === CREAR COTIZACIÓN ===
[24-Nov-2025 10:13:28 America/Bogota] Máquina ID recibida: MAQ_001
[24-Nov-2025 10:13:28 America/Bogota] Nombre: Pieza sin nombre
[24-Nov-2025 10:13:28 America/Bogota] Peso: 50g
[24-Nov-2025 10:13:28 America/Bogota] Tiempo: 120 min
[24-Nov-2025 10:13:28 America/Bogota] 🆔 ID generado: 1763997208_025d9fb7d
[24-Nov-2025 10:13:28 America/Bogota] 🔄 Transacción iniciada
[24-Nov-2025 10:13:28 America/Bogota] ✅ Cotización insertada en BD
[24-Nov-2025 10:13:28 America/Bogota] ✅ Insumos de postprocesado guardados
[24-Nov-2025 10:13:28 America/Bogota] ✅ Depreciación calculada: 560 COP
[24-Nov-2025 10:13:28 America/Bogota]    Máquina: Ender 3 V3 SE #1 (MAQ_001)
[24-Nov-2025 10:13:28 America/Bogota]    Depreciación/hora: 280.0000 COP
[24-Nov-2025 10:13:28 America/Bogota]    Tiempo: 2 horas
[24-Nov-2025 10:13:28 America/Bogota] 💰 Cálculos completados
[24-Nov-2025 10:13:28 America/Bogota] ✅ Cálculos insertados en BD
[24-Nov-2025 10:13:28 America/Bogota] ✅ Transacción confirmada (COMMIT)
[24-Nov-2025 10:17:22 America/Bogota] ✓ Conexión exitosa a MySQL
[24-Nov-2025 10:17:22 America/Bogota] 📥 RAW INPUT RECIBIDO
[24-Nov-2025 10:17:22 America/Bogota] 📦 INPUT DECODIFICADO CORRECTAMENTE
[24-Nov-2025 10:17:22 America/Bogota] === CREAR COTIZACIÓN ===
[24-Nov-2025 10:17:22 America/Bogota] Máquina ID recibida: MAQ_001
[24-Nov-2025 10:17:22 America/Bogota] Nombre: Pieza sin nombre
[24-Nov-2025 10:17:22 America/Bogota] Peso: 4g
[24-Nov-2025 10:17:22 America/Bogota] Tiempo: 72 min
[24-Nov-2025 10:17:22 America/Bogota] 🆔 ID generado: 1763997442_1c0e6ef99
[24-Nov-2025 10:17:22 America/Bogota] 🔄 Transacción iniciada
[24-Nov-2025 10:17:22 America/Bogota] ✅ Cotización insertada en BD
[24-Nov-2025 10:17:22 America/Bogota] ✅ Insumos de postprocesado guardados
[24-Nov-2025 10:17:22 America/Bogota] ✅ Depreciación calculada: 336 COP
[24-Nov-2025 10:17:22 America/Bogota]    Máquina: Ender 3 V3 SE #1 (MAQ_001)
[24-Nov-2025 10:17:22 America/Bogota]    Depreciación/hora: 280.0000 COP
[24-Nov-2025 10:17:22 America/Bogota]    Tiempo: 1.2 horas
[24-Nov-2025 10:17:22 America/Bogota] 💰 Cálculos completados
[24-Nov-2025 10:17:22 America/Bogota] ✅ Cálculos insertados en BD
[24-Nov-2025 10:17:22 America/Bogota] ✅ Transacción confirmada (COMMIT)
[24-Nov-2025 10:18:33 America/Bogota] ✓ Conexión exitosa a MySQL
[24-Nov-2025 10:18:33 America/Bogota] 📥 RAW INPUT RECIBIDO
[24-Nov-2025 10:18:33 America/Bogota] 📦 INPUT DECODIFICADO CORRECTAMENTE
[24-Nov-2025 10:18:33 America/Bogota] === CREAR COTIZACIÓN ===
[24-Nov-2025 10:18:33 America/Bogota] Máquina ID recibida: MAQ_001
[24-Nov-2025 10:18:33 America/Bogota] Nombre: Pieza sin nombre
[24-Nov-2025 10:18:33 America/Bogota] Peso: 4g
[24-Nov-2025 10:18:33 America/Bogota] Tiempo: 72 min
[24-Nov-2025 10:18:33 America/Bogota] 🆔 ID generado: 1763997513_b61f2c1c3
[24-Nov-2025 10:18:33 America/Bogota] 🔄 Transacción iniciada
[24-Nov-2025 10:18:33 America/Bogota] ✅ Cotización insertada en BD
[24-Nov-2025 10:18:33 America/Bogota] ✅ Insumos de postprocesado guardados
[24-Nov-2025 10:18:33 America/Bogota] ✅ Depreciación calculada: 336 COP
[24-Nov-2025 10:18:33 America/Bogota]    Máquina: Ender 3 V3 SE #1 (MAQ_001)
[24-Nov-2025 10:18:33 America/Bogota]    Depreciación/hora: 280.0000 COP
[24-Nov-2025 10:18:33 America/Bogota]    Tiempo: 1.2 horas
[24-Nov-2025 10:18:33 America/Bogota] 💰 Cálculos completados
[24-Nov-2025 10:18:33 America/Bogota] ✅ Cálculos insertados en BD
[24-Nov-2025 10:18:33 America/Bogota] ✅ Transacción confirmada (COMMIT)
[24-Nov-2025 10:19:07 America/Bogota] ✓ Conexión exitosa a MySQL
[24-Nov-2025 10:19:07 America/Bogota] 📥 RAW INPUT RECIBIDO
[24-Nov-2025 10:19:07 America/Bogota] 📦 INPUT DECODIFICADO CORRECTAMENTE
[24-Nov-2025 10:19:07 America/Bogota] === CREAR COTIZACIÓN ===
[24-Nov-2025 10:19:07 America/Bogota] Máquina ID recibida: MAQ_001
[24-Nov-2025 10:19:07 America/Bogota] Nombre: Pieza sin nombre
[24-Nov-2025 10:19:07 America/Bogota] Peso: 4g
[24-Nov-2025 10:19:07 America/Bogota] Tiempo: 72 min
[24-Nov-2025 10:19:07 America/Bogota] 🆔 ID generado: 1763997547_92151890c
[24-Nov-2025 10:19:07 America/Bogota] 🔄 Transacción iniciada
[24-Nov-2025 10:19:07 America/Bogota] ✅ Cotización insertada en BD
[24-Nov-2025 10:19:07 America/Bogota] ✅ Insumos de postprocesado guardados
[24-Nov-2025 10:19:07 America/Bogota] ✅ Depreciación calculada: 336 COP
[24-Nov-2025 10:19:07 America/Bogota]    Máquina: Ender 3 V3 SE #1 (MAQ_001)
[24-Nov-2025 10:19:07 America/Bogota]    Depreciación/hora: 280.0000 COP
[24-Nov-2025 10:19:07 America/Bogota]    Tiempo: 1.2 horas
[24-Nov-2025 10:19:07 America/Bogota] 💰 Cálculos completados
[24-Nov-2025 10:19:07 America/Bogota] ✅ Cálculos insertados en BD
[24-Nov-2025 10:19:07 America/Bogota] ✅ Transacción confirmada (COMMIT)
[24-Nov-2025 10:20:10 America/Bogota] ✓ Conexión exitosa a MySQL
[24-Nov-2025 10:20:10 America/Bogota] 📥 RAW INPUT RECIBIDO
[24-Nov-2025 10:20:10 America/Bogota] 📦 INPUT DECODIFICADO CORRECTAMENTE
[24-Nov-2025 10:20:10 America/Bogota] === CREAR COTIZACIÓN ===
[24-Nov-2025 10:20:10 America/Bogota] Máquina ID recibida: MAQ_001
[24-Nov-2025 10:20:10 America/Bogota] Nombre: Pieza sin nombre
[24-Nov-2025 10:20:10 America/Bogota] Peso: 4g
[24-Nov-2025 10:20:10 America/Bogota] Tiempo: 72 min
[24-Nov-2025 10:20:10 America/Bogota] 🆔 ID generado: 1763997610_4f3a51f59
[24-Nov-2025 10:20:10 America/Bogota] 🔄 Transacción iniciada
[24-Nov-2025 10:20:10 America/Bogota] ✅ Cotización insertada en BD
[24-Nov-2025 10:20:10 America/Bogota] ✅ Insumos de postprocesado guardados
[24-Nov-2025 10:20:10 America/Bogota] ✅ Depreciación calculada: 336 COP
[24-Nov-2025 10:20:10 America/Bogota]    Máquina: Ender 3 V3 SE #1 (MAQ_001)
[24-Nov-2025 10:20:10 America/Bogota]    Depreciación/hora: 280.0000 COP
[24-Nov-2025 10:20:10 America/Bogota]    Tiempo: 1.2 horas
[24-Nov-2025 10:20:10 America/Bogota] 💰 Cálculos completados
[24-Nov-2025 10:20:10 America/Bogota] ✅ Cálculos insertados en BD
[24-Nov-2025 10:20:10 America/Bogota] ✅ Transacción confirmada (COMMIT)
[24-Nov-2025 10:24:51 America/Bogota] ✓ Conexión exitosa a MySQL
[24-Nov-2025 10:24:51 America/Bogota] 📥 RAW INPUT RECIBIDO
[24-Nov-2025 10:24:51 America/Bogota] 📦 INPUT DECODIFICADO CORRECTAMENTE
[24-Nov-2025 10:24:51 America/Bogota] === CREAR COTIZACIÓN ===
[24-Nov-2025 10:24:51 America/Bogota] Máquina ID recibida: MAQ_001
[24-Nov-2025 10:24:51 America/Bogota] Nombre: Mini Dragones x3
[24-Nov-2025 10:24:51 America/Bogota] Peso: 11g
[24-Nov-2025 10:24:51 America/Bogota] Tiempo: 120 min
[24-Nov-2025 10:24:51 America/Bogota] 🆔 ID generado: 1763997891_4bd1d024a
[24-Nov-2025 10:24:51 America/Bogota] 🔄 Transacción iniciada
[24-Nov-2025 10:24:51 America/Bogota] ✅ Cotización insertada en BD
[24-Nov-2025 10:24:51 America/Bogota] ✅ Insumos de postprocesado guardados
[24-Nov-2025 10:24:51 America/Bogota] ✅ Depreciación calculada: 560 COP
[24-Nov-2025 10:24:51 America/Bogota]    Máquina: Ender 3 V3 SE #1 (MAQ_001)
[24-Nov-2025 10:24:51 America/Bogota]    Depreciación/hora: 280.0000 COP
[24-Nov-2025 10:24:51 America/Bogota]    Tiempo: 2 horas
[24-Nov-2025 10:24:51 America/Bogota] 💰 Cálculos completados
[24-Nov-2025 10:24:51 America/Bogota] ✅ Cálculos insertados en BD
[24-Nov-2025 10:24:51 America/Bogota] ✅ Transacción confirmada (COMMIT)
[24-Nov-2025 10:26:47 America/Bogota] ✓ Conexión exitosa a MySQL
[24-Nov-2025 10:26:47 America/Bogota] ✓ Conexión exitosa a MySQL
[24-Nov-2025 10:26:48 America/Bogota] ✓ Conexión exitosa a MySQL
[24-Nov-2025 10:26:48 America/Bogota] ✓ Conexión exitosa a MySQL
[24-Nov-2025 10:27:29 America/Bogota] ✓ Conexión exitosa a MySQL
[24-Nov-2025 10:27:29 America/Bogota] ✓ Conexión exitosa a MySQL
[24-Nov-2025 10:27:30 America/Bogota] ✓ Conexión exitosa a MySQL
[24-Nov-2025 10:27:30 America/Bogota] ✓ Conexión exitosa a MySQL
[24-Nov-2025 10:28:00 America/Bogota] ✓ Conexión exitosa a MySQL
[24-Nov-2025 10:28:00 America/Bogota] ✓ Conexión exitosa a MySQL
[24-Nov-2025 10:28:01 America/Bogota] ✓ Conexión exitosa a MySQL
[24-Nov-2025 10:28:01 America/Bogota] ✓ Conexión exitosa a MySQL
[24-Nov-2025 10:28:01 America/Bogota] ✓ Conexión exitosa a MySQL
[24-Nov-2025 10:28:01 America/Bogota] ✓ Conexión exitosa a MySQL
[24-Nov-2025 10:28:01 America/Bogota] ✓ Conexión exitosa a MySQL
[24-Nov-2025 10:50:57 America/Bogota] ✓ Conexión exitosa a MySQL
[24-Nov-2025 10:50:57 America/Bogota] ✓ Conexión exitosa a MySQL
[24-Nov-2025 10:50:59 America/Bogota] ✓ Conexión exitosa a MySQL
[24-Nov-2025 10:51:00 America/Bogota] ✓ Conexión exitosa a MySQL
[24-Nov-2025 10:54:07 America/Bogota] ✓ Conexión exitosa a MySQL
[24-Nov-2025 10:54:07 America/Bogota] ✓ Conexión exitosa a MySQL
[24-Nov-2025 10:54:07 America/Bogota] ✓ Conexión exitosa a MySQL
[24-Nov-2025 10:54:07 America/Bogota] ✓ Conexión exitosa a MySQL
[24-Nov-2025 10:54:07 America/Bogota] ✓ Conexión exitosa a MySQL
[24-Nov-2025 10:54:08 America/Bogota] ✓ Conexión exitosa a MySQL
[24-Nov-2025 10:54:08 America/Bogota] ✓ Conexión exitosa a MySQL
[24-Nov-2025 10:54:08 America/Bogota] ✓ Conexión exitosa a MySQL
[24-Nov-2025 11:38:14 America/Bogota] ✓ Conexión exitosa a MySQL
[24-Nov-2025 11:38:14 America/Bogota] ✓ Conexión exitosa a MySQL
[24-Nov-2025 11:38:14 America/Bogota] ✓ Conexión exitosa a MySQL
[24-Nov-2025 11:38:14 America/Bogota] ✓ Conexión exitosa a MySQL
[24-Nov-2025 11:38:14 America/Bogota] ✓ Conexión exitosa a MySQL
[24-Nov-2025 11:38:18 America/Bogota] ✓ Conexión exitosa a MySQL
[24-Nov-2025 11:38:18 America/Bogota] ✓ Conexión exitosa a MySQL
[24-Nov-2025 11:38:18 America/Bogota] ✓ Conexión exitosa a MySQL
[24-Nov-2025 11:39:47 America/Bogota] ✓ Conexión exitosa a MySQL
[24-Nov-2025 11:39:47 America/Bogota] ✓ Conexión exitosa a MySQL
[24-Nov-2025 11:39:47 America/Bogota] ✓ Conexión exitosa a MySQL
[24-Nov-2025 11:39:47 America/Bogota] ✓ Conexión exitosa a MySQL
[24-Nov-2025 11:39:47 America/Bogota] ✓ Conexión exitosa a MySQL
[24-Nov-2025 11:39:47 America/Bogota] ✓ Conexión exitosa a MySQL
[24-Nov-2025 11:39:47 America/Bogota] ✓ Conexión exitosa a MySQL
[24-Nov-2025 11:39:47 America/Bogota] ✓ Conexión exitosa a MySQL
[24-Nov-2025 11:46:00 America/Bogota] ✓ Conexión exitosa a MySQL
[24-Nov-2025 11:46:00 America/Bogota] ✓ Conexión exitosa a MySQL
[24-Nov-2025 11:46:00 America/Bogota] ✓ Conexión exitosa a MySQL
[24-Nov-2025 11:46:00 America/Bogota] ✓ Conexión exitosa a MySQL
[24-Nov-2025 11:46:00 America/Bogota] ✓ Conexión exitosa a MySQL
[24-Nov-2025 11:46:02 America/Bogota] ✓ Conexión exitosa a MySQL
[24-Nov-2025 11:46:02 America/Bogota] ✓ Conexión exitosa a MySQL
[24-Nov-2025 11:46:03 America/Bogota] ✓ Conexión exitosa a MySQL
[24-Nov-2025 11:46:06 America/Bogota] ✓ Conexión exitosa a MySQL
[24-Nov-2025 11:46:06 America/Bogota] ✓ Conexión exitosa a MySQL
[24-Nov-2025 11:46:06 America/Bogota] ✓ Conexión exitosa a MySQL
[24-Nov-2025 11:46:06 America/Bogota] ✓ Conexión exitosa a MySQL
[24-Nov-2025 11:46:06 America/Bogota] ✓ Conexión exitosa a MySQL
[24-Nov-2025 11:46:07 America/Bogota] ✓ Conexión exitosa a MySQL
[24-Nov-2025 11:46:07 America/Bogota] ✓ Conexión exitosa a MySQL
[24-Nov-2025 11:46:07 America/Bogota] ✓ Conexión exitosa a MySQL
[24-Nov-2025 11:49:37 America/Bogota] ✓ Conexión exitosa a MySQL
[24-Nov-2025 11:49:37 America/Bogota] 📥 RAW INPUT RECIBIDO
[24-Nov-2025 11:49:37 America/Bogota] 📦 INPUT DECODIFICADO CORRECTAMENTE
[24-Nov-2025 11:49:37 America/Bogota] === CREAR COTIZACIÓN ===
[24-Nov-2025 11:49:37 America/Bogota] Máquina ID recibida: MAQ_002
[24-Nov-2025 11:49:37 America/Bogota] Nombre: Pieza sin nombre
[24-Nov-2025 11:49:37 America/Bogota] Peso: 50g
[24-Nov-2025 11:49:37 America/Bogota] Tiempo: 120 min
[24-Nov-2025 11:49:37 America/Bogota] 🆔 ID generado: 1764002977_d1150980c
[24-Nov-2025 11:49:37 America/Bogota] 🔄 Transacción iniciada
[24-Nov-2025 11:49:37 America/Bogota] ✅ Cotización insertada en BD
[24-Nov-2025 11:49:37 America/Bogota] ✅ Insumos de postprocesado guardados
[24-Nov-2025 11:49:37 America/Bogota] ✅ Depreciación calculada: 560 COP
[24-Nov-2025 11:49:37 America/Bogota]    Máquina: Ender 3 V3 SE #2 (MAQ_002)
[24-Nov-2025 11:49:37 America/Bogota]    Depreciación/hora: 280.0000 COP
[24-Nov-2025 11:49:37 America/Bogota]    Tiempo: 2 horas
[24-Nov-2025 11:49:37 America/Bogota] 💰 Cálculos completados
[24-Nov-2025 11:49:37 America/Bogota] ✅ Cálculos insertados en BD
[24-Nov-2025 11:49:37 America/Bogota] ✅ Transacción confirmada (COMMIT)
[24-Nov-2025 12:05:37 America/Bogota] ✓ Conexión exitosa a MySQL
[24-Nov-2025 12:05:37 America/Bogota] ✓ Conexión exitosa a MySQL
[24-Nov-2025 12:05:41 America/Bogota] ✓ Conexión exitosa a MySQL
[24-Nov-2025 12:05:42 America/Bogota] ✓ Conexión exitosa a MySQL
[24-Nov-2025 13:17:29 America/Bogota] ✓ Conexión exitosa a MySQL
[24-Nov-2025 13:17:29 America/Bogota] ✓ Conexión exitosa a MySQL
[24-Nov-2025 13:17:34 America/Bogota] ✓ Conexión exitosa a MySQL
[24-Nov-2025 13:17:34 America/Bogota] ✓ Conexión exitosa a MySQL
[24-Nov-2025 13:17:34 America/Bogota] ✓ Conexión exitosa a MySQL
[24-Nov-2025 13:17:34 America/Bogota] ✓ Conexión exitosa a MySQL
[24-Nov-2025 13:17:34 America/Bogota] ✓ Conexión exitosa a MySQL
[24-Nov-2025 13:18:15 America/Bogota] ✓ Conexión exitosa a MySQL
[24-Nov-2025 13:18:15 America/Bogota] ✓ Conexión exitosa a MySQL
[24-Nov-2025 13:18:16 America/Bogota] ✓ Conexión exitosa a MySQL
[24-Nov-2025 13:18:16 America/Bogota] ✓ Conexión exitosa a MySQL
[24-Nov-2025 13:18:20 America/Bogota] ✓ Conexión exitosa a MySQL
[24-Nov-2025 13:18:20 America/Bogota] ✓ Conexión exitosa a MySQL
[24-Nov-2025 13:18:21 America/Bogota] ✓ Conexión exitosa a MySQL
[24-Nov-2025 13:18:21 America/Bogota] ✓ Conexión exitosa a MySQL
[24-Nov-2025 13:18:45 America/Bogota] ✓ Conexión exitosa a MySQL
[24-Nov-2025 13:18:45 America/Bogota] ✓ Conexión exitosa a MySQL
[24-Nov-2025 13:18:46 America/Bogota] ✓ Conexión exitosa a MySQL
[24-Nov-2025 13:18:46 America/Bogota] ✓ Conexión exitosa a MySQL
[24-Nov-2025 13:18:51 America/Bogota] ✓ Conexión exitosa a MySQL
[24-Nov-2025 13:18:51 America/Bogota] ✓ Conexión exitosa a MySQL
[24-Nov-2025 13:18:51 America/Bogota] ✓ Conexión exitosa a MySQL
[24-Nov-2025 13:18:51 America/Bogota] ✓ Conexión exitosa a MySQL
[24-Nov-2025 13:19:27 America/Bogota] ✓ Conexión exitosa a MySQL
[24-Nov-2025 13:19:27 America/Bogota] ✓ Conexión exitosa a MySQL
[24-Nov-2025 13:19:28 America/Bogota] ✓ Conexión exitosa a MySQL
[24-Nov-2025 13:19:28 America/Bogota] ✓ Conexión exitosa a MySQL
[24-Nov-2025 13:19:31 America/Bogota] ✓ Conexión exitosa a MySQL
[24-Nov-2025 13:19:31 America/Bogota] ✓ Conexión exitosa a MySQL
[24-Nov-2025 13:19:31 America/Bogota] ✓ Conexión exitosa a MySQL
[24-Nov-2025 13:19:31 America/Bogota] ✓ Conexión exitosa a MySQL
[24-Nov-2025 13:19:31 America/Bogota] ✓ Conexión exitosa a MySQL
[24-Nov-2025 13:19:32 America/Bogota] ✓ Conexión exitosa a MySQL
[24-Nov-2025 13:19:32 America/Bogota] ✓ Conexión exitosa a MySQL
[24-Nov-2025 13:19:32 America/Bogota] ✓ Conexión exitosa a MySQL
[24-Nov-2025 13:23:15 America/Bogota] ✓ Conexión exitosa a MySQL
[24-Nov-2025 13:23:15 America/Bogota] 📥 RAW INPUT RECIBIDO
[24-Nov-2025 13:23:15 America/Bogota] 📦 INPUT DECODIFICADO CORRECTAMENTE
[24-Nov-2025 13:23:15 America/Bogota] === CREAR COTIZACIÓN ===
[24-Nov-2025 13:23:15 America/Bogota] Máquina ID recibida: MAQ_001
[24-Nov-2025 13:23:15 America/Bogota] Nombre: Llavero x 3
[24-Nov-2025 13:23:15 America/Bogota] Peso: 12g
[24-Nov-2025 13:23:15 America/Bogota] Tiempo: 210 min
[24-Nov-2025 13:23:15 America/Bogota] 🆔 ID generado: 1764008595_6ac350a47
[24-Nov-2025 13:23:15 America/Bogota] 🔄 Transacción iniciada
[24-Nov-2025 13:23:15 America/Bogota] ✅ Cotización insertada en BD
[24-Nov-2025 13:23:15 America/Bogota] ✅ Insumos de postprocesado guardados
[24-Nov-2025 13:23:15 America/Bogota] ✅ Depreciación calculada: 980 COP
[24-Nov-2025 13:23:15 America/Bogota]    Máquina: Ender 3 V3 SE #1 (MAQ_001)
[24-Nov-2025 13:23:15 America/Bogota]    Depreciación/hora: 280.0000 COP
[24-Nov-2025 13:23:15 America/Bogota]    Tiempo: 3.5 horas
[24-Nov-2025 13:23:15 America/Bogota] 💰 Cálculos completados
[24-Nov-2025 13:23:15 America/Bogota] ✅ Cálculos insertados en BD
[24-Nov-2025 13:23:15 America/Bogota] ✅ Transacción confirmada (COMMIT)
[27-Nov-2025 23:57:42 America/Bogota] ✓ Conexión exitosa a MySQL
[27-Nov-2025 23:57:42 America/Bogota] ✓ Conexión exitosa a MySQL
[27-Nov-2025 23:57:45 America/Bogota] ✓ Conexión exitosa a MySQL
[27-Nov-2025 23:57:45 America/Bogota] ✓ Conexión exitosa a MySQL
[27-Nov-2025 23:57:47 America/Bogota] ✓ Conexión exitosa a MySQL
[27-Nov-2025 23:57:47 America/Bogota] ✓ Conexión exitosa a MySQL
[27-Nov-2025 23:57:47 America/Bogota] ✓ Conexión exitosa a MySQL
[27-Nov-2025 23:57:47 America/Bogota] ✓ Conexión exitosa a MySQL
[27-Nov-2025 23:57:47 America/Bogota] ✓ Conexión exitosa a MySQL
[27-Nov-2025 23:57:48 America/Bogota] ✓ Conexión exitosa a MySQL
[27-Nov-2025 23:57:48 America/Bogota] ✓ Conexión exitosa a MySQL
[27-Nov-2025 23:57:48 America/Bogota] ✓ Conexión exitosa a MySQL
[28-Nov-2025 00:00:01 America/Bogota] ✓ Conexión exitosa a MySQL
[28-Nov-2025 00:00:01 America/Bogota] ✓ Conexión exitosa a MySQL
[28-Nov-2025 00:00:01 America/Bogota] ✓ Conexión exitosa a MySQL
[28-Nov-2025 00:00:01 America/Bogota] ✓ Conexión exitosa a MySQL
[28-Nov-2025 00:00:01 America/Bogota] ✓ Conexión exitosa a MySQL
[28-Nov-2025 00:00:01 America/Bogota] ✓ Conexión exitosa a MySQL
[28-Nov-2025 00:00:01 America/Bogota] ✓ Conexión exitosa a MySQL
[28-Nov-2025 00:00:02 America/Bogota] ✓ Conexión exitosa a MySQL
[28-Nov-2025 00:00:44 America/Bogota] ✓ Conexión exitosa a MySQL
[28-Nov-2025 00:00:44 America/Bogota] ✓ Conexión exitosa a MySQL
[28-Nov-2025 00:00:44 America/Bogota] ✓ Conexión exitosa a MySQL
[28-Nov-2025 00:00:44 America/Bogota] ✓ Conexión exitosa a MySQL
[28-Nov-2025 00:00:44 America/Bogota] ✓ Conexión exitosa a MySQL
[28-Nov-2025 00:00:45 America/Bogota] ✓ Conexión exitosa a MySQL
[28-Nov-2025 00:00:45 America/Bogota] ✓ Conexión exitosa a MySQL
[28-Nov-2025 00:00:45 America/Bogota] ✓ Conexión exitosa a MySQL
[28-Nov-2025 00:03:12 America/Bogota] ✓ Conexión exitosa a MySQL
[28-Nov-2025 00:03:12 America/Bogota] ✓ Conexión exitosa a MySQL
[28-Nov-2025 00:03:12 America/Bogota] ✓ Conexión exitosa a MySQL
[28-Nov-2025 00:03:12 America/Bogota] ✓ Conexión exitosa a MySQL
[28-Nov-2025 00:03:12 America/Bogota] ✓ Conexión exitosa a MySQL
[28-Nov-2025 00:03:12 America/Bogota] ✓ Conexión exitosa a MySQL
[28-Nov-2025 00:03:12 America/Bogota] ✓ Conexión exitosa a MySQL
[28-Nov-2025 00:03:12 America/Bogota] ✓ Conexión exitosa a MySQL
[28-Nov-2025 00:23:10 America/Bogota] ✓ Conexión exitosa a MySQL
[28-Nov-2025 00:23:10 America/Bogota] ✓ Conexión exitosa a MySQL
[28-Nov-2025 00:23:10 America/Bogota] ✓ Conexión exitosa a MySQL
[28-Nov-2025 00:23:10 America/Bogota] ✓ Conexión exitosa a MySQL
[28-Nov-2025 00:23:10 America/Bogota] ✓ Conexión exitosa a MySQL
[28-Nov-2025 00:23:10 America/Bogota] ✓ Conexión exitosa a MySQL
[28-Nov-2025 00:23:10 America/Bogota] ✓ Conexión exitosa a MySQL
[28-Nov-2025 00:23:10 America/Bogota] ✓ Conexión exitosa a MySQL
[28-Nov-2025 00:32:24 America/Bogota] ✓ Conexión exitosa a MySQL
[28-Nov-2025 00:32:24 America/Bogota] ✓ Conexión exitosa a MySQL
[28-Nov-2025 00:32:24 America/Bogota] ✓ Conexión exitosa a MySQL
[28-Nov-2025 00:32:24 America/Bogota] ✓ Conexión exitosa a MySQL
[28-Nov-2025 00:32:24 America/Bogota] ✓ Conexión exitosa a MySQL
[28-Nov-2025 00:32:24 America/Bogota] ✓ Conexión exitosa a MySQL
[28-Nov-2025 00:32:24 America/Bogota] ✓ Conexión exitosa a MySQL
[28-Nov-2025 00:32:24 America/Bogota] ✓ Conexión exitosa a MySQL
[28-Nov-2025 00:43:00 America/Bogota] ✓ Conexión exitosa a MySQL
[28-Nov-2025 00:43:00 America/Bogota] 📥 RAW INPUT RECIBIDO
[28-Nov-2025 00:43:00 America/Bogota] 📦 INPUT DECODIFICADO CORRECTAMENTE
[28-Nov-2025 00:43:00 America/Bogota] === CREAR COTIZACIÓN ===
[28-Nov-2025 00:43:00 America/Bogota] Máquina ID recibida: MAQ_001
[28-Nov-2025 00:43:00 America/Bogota] Nombre: Dummy 13 (20 cm)
[28-Nov-2025 00:43:00 America/Bogota] Peso: 99g
[28-Nov-2025 00:43:00 America/Bogota] Tiempo: 580 min
[28-Nov-2025 00:43:00 America/Bogota] 🆔 ID generado: 1764308580_5bc44874e
[28-Nov-2025 00:43:00 America/Bogota] 🔄 Transacción iniciada
[28-Nov-2025 00:43:00 America/Bogota] ✅ Cotización insertada en BD
[28-Nov-2025 00:43:00 America/Bogota] ✅ Depreciación calculada: 2706.67 COP
[28-Nov-2025 00:43:00 America/Bogota]    Máquina: Ender 3 V3 SE #1 (MAQ_001)
[28-Nov-2025 00:43:00 America/Bogota]    Depreciación/hora: 280.0000 COP
[28-Nov-2025 00:43:00 America/Bogota]    Tiempo: 9.6666666666667 horas
[28-Nov-2025 00:43:00 America/Bogota] 💰 Cálculos completados
[28-Nov-2025 00:43:00 America/Bogota] ✅ Cálculos insertados en BD
[28-Nov-2025 00:43:00 America/Bogota] ✅ Transacción confirmada (COMMIT)
[28-Nov-2025 10:49:02 America/Bogota] ✓ Conexión exitosa a MySQL
[28-Nov-2025 10:49:02 America/Bogota] ✓ Conexión exitosa a MySQL
[28-Nov-2025 10:49:02 America/Bogota] ✓ Conexión exitosa a MySQL
[28-Nov-2025 10:49:02 America/Bogota] ✓ Conexión exitosa a MySQL
[28-Nov-2025 10:49:02 America/Bogota] ✓ Conexión exitosa a MySQL
[28-Nov-2025 10:49:02 America/Bogota] ✓ Conexión exitosa a MySQL
[28-Nov-2025 10:49:02 America/Bogota] ✓ Conexión exitosa a MySQL
[28-Nov-2025 10:49:02 America/Bogota] ✓ Conexión exitosa a MySQL
[28-Nov-2025 10:49:14 America/Bogota] ✓ Conexión exitosa a MySQL
[28-Nov-2025 10:49:14 America/Bogota] ✓ Conexión exitosa a MySQL
[28-Nov-2025 10:49:14 America/Bogota] ✓ Conexión exitosa a MySQL
[28-Nov-2025 10:49:14 America/Bogota] ✓ Conexión exitosa a MySQL
[28-Nov-2025 10:49:23 America/Bogota] ✓ Conexión exitosa a MySQL
[28-Nov-2025 10:49:23 America/Bogota] ✓ Conexión exitosa a MySQL
[28-Nov-2025 10:49:23 America/Bogota] ✓ Conexión exitosa a MySQL
[28-Nov-2025 10:49:23 America/Bogota] ✓ Conexión exitosa a MySQL
[28-Nov-2025 10:49:26 America/Bogota] ✓ Conexión exitosa a MySQL
[28-Nov-2025 10:49:26 America/Bogota] ✓ Conexión exitosa a MySQL
[28-Nov-2025 10:49:26 America/Bogota] ✓ Conexión exitosa a MySQL
[28-Nov-2025 10:49:26 America/Bogota] ✓ Conexión exitosa a MySQL
[28-Nov-2025 10:49:27 America/Bogota] ✓ Conexión exitosa a MySQL
[28-Nov-2025 10:49:27 America/Bogota] ✓ Conexión exitosa a MySQL
[28-Nov-2025 10:49:27 America/Bogota] ✓ Conexión exitosa a MySQL
[28-Nov-2025 10:49:27 America/Bogota] ✓ Conexión exitosa a MySQL
[28-Nov-2025 10:49:27 America/Bogota] ✓ Conexión exitosa a MySQL
[28-Nov-2025 10:49:27 America/Bogota] ✓ Conexión exitosa a MySQL
[28-Nov-2025 10:49:27 America/Bogota] ✓ Conexión exitosa a MySQL
[28-Nov-2025 10:49:27 America/Bogota] ✓ Conexión exitosa a MySQL
[28-Nov-2025 10:49:47 America/Bogota] ✓ Conexión exitosa a MySQL
[28-Nov-2025 13:11:59 America/Bogota] ✓ Conexión exitosa a MySQL
[28-Nov-2025 13:11:59 America/Bogota] ✓ Conexión exitosa a MySQL
[28-Nov-2025 13:11:59 America/Bogota] ✓ Conexión exitosa a MySQL
[28-Nov-2025 13:12:02 America/Bogota] ✓ Conexión exitosa a MySQL
[28-Nov-2025 13:12:03 America/Bogota] ✓ Conexión exitosa a MySQL
[28-Nov-2025 13:12:03 America/Bogota] ✓ Conexión exitosa a MySQL
[28-Nov-2025 13:27:54 America/Bogota] ✓ Conexión exitosa a MySQL
[28-Nov-2025 13:27:54 America/Bogota] ✓ Conexión exitosa a MySQL
[28-Nov-2025 13:27:54 America/Bogota] ✓ Conexión exitosa a MySQL
[28-Nov-2025 13:27:54 America/Bogota] ✓ Conexión exitosa a MySQL
[28-Nov-2025 13:27:54 America/Bogota] ✓ Conexión exitosa a MySQL
[28-Nov-2025 13:27:54 America/Bogota] ✓ Conexión exitosa a MySQL
[28-Nov-2025 13:27:54 America/Bogota] ✓ Conexión exitosa a MySQL
[28-Nov-2025 13:27:54 America/Bogota] ✓ Conexión exitosa a MySQL
[28-Nov-2025 14:37:19 America/Bogota] ✓ Conexión exitosa a MySQL
[28-Nov-2025 14:37:19 America/Bogota] ✓ Conexión exitosa a MySQL
[28-Nov-2025 14:37:19 America/Bogota] ✓ Conexión exitosa a MySQL
[28-Nov-2025 14:37:19 America/Bogota] ✓ Conexión exitosa a MySQL
[28-Nov-2025 14:37:19 America/Bogota] ✓ Conexión exitosa a MySQL
[28-Nov-2025 14:37:19 America/Bogota] ✓ Conexión exitosa a MySQL
[28-Nov-2025 14:37:19 America/Bogota] ✓ Conexión exitosa a MySQL
[28-Nov-2025 14:37:19 America/Bogota] ✓ Conexión exitosa a MySQL
[30-Nov-2025 22:37:24 America/Bogota] ✓ Conexión exitosa a MySQL
[30-Nov-2025 22:37:36 America/Bogota] ✓ Conexión exitosa a MySQL
[30-Nov-2025 22:37:36 America/Bogota] ✓ Conexión exitosa a MySQL
[30-Nov-2025 22:37:37 America/Bogota] ✓ Conexión exitosa a MySQL
[30-Nov-2025 22:37:38 America/Bogota] ✓ Conexión exitosa a MySQL
[30-Nov-2025 22:37:39 America/Bogota] ✓ Conexión exitosa a MySQL
[30-Nov-2025 22:37:39 America/Bogota] ✓ Conexión exitosa a MySQL
[30-Nov-2025 22:37:39 America/Bogota] ✓ Conexión exitosa a MySQL
[30-Nov-2025 22:37:39 America/Bogota] ✓ Conexión exitosa a MySQL
[30-Nov-2025 22:37:39 America/Bogota] ✓ Conexión exitosa a MySQL
[30-Nov-2025 22:37:41 America/Bogota] ✓ Conexión exitosa a MySQL
[30-Nov-2025 22:37:41 America/Bogota] ✓ Conexión exitosa a MySQL
[30-Nov-2025 22:37:41 America/Bogota] ✓ Conexión exitosa a MySQL
[30-Nov-2025 22:40:59 America/Bogota] ✓ Conexión exitosa a MySQL
[30-Nov-2025 22:40:59 America/Bogota] 📥 RAW INPUT RECIBIDO
[30-Nov-2025 22:40:59 America/Bogota] 📦 INPUT DECODIFICADO CORRECTAMENTE
[30-Nov-2025 22:40:59 America/Bogota] === CREAR COTIZACIÓN ===
[30-Nov-2025 22:40:59 America/Bogota] Máquina ID recibida: MAQ_002
[30-Nov-2025 22:40:59 America/Bogota] Nombre: Arbol de navidad (10cm)
[30-Nov-2025 22:40:59 America/Bogota] Peso: 20g
[30-Nov-2025 22:40:59 America/Bogota] Tiempo: 70 min
[30-Nov-2025 22:40:59 America/Bogota] 🆔 ID generado: 1764560459_83354eb6e
[30-Nov-2025 22:40:59 America/Bogota] 🔄 Transacción iniciada
[30-Nov-2025 22:40:59 America/Bogota] ✅ Cotización insertada en BD
[30-Nov-2025 22:40:59 America/Bogota] ✅ Depreciación calculada: 326.67 COP
[30-Nov-2025 22:40:59 America/Bogota]    Máquina: Ender 3 V3 SE #2 (MAQ_002)
[30-Nov-2025 22:40:59 America/Bogota]    Depreciación/hora: 280.0000 COP
[30-Nov-2025 22:40:59 America/Bogota]    Tiempo: 1.1666666666667 horas
[30-Nov-2025 22:40:59 America/Bogota] 💰 Cálculos completados
[30-Nov-2025 22:40:59 America/Bogota] ✅ Cálculos insertados en BD
[30-Nov-2025 22:40:59 America/Bogota] ✅ Transacción confirmada (COMMIT)
[30-Nov-2025 22:41:29 America/Bogota] ✓ Conexión exitosa a MySQL
[30-Nov-2025 22:41:29 America/Bogota] 📥 RAW INPUT RECIBIDO
[30-Nov-2025 22:41:29 America/Bogota] 📦 INPUT DECODIFICADO CORRECTAMENTE
[30-Nov-2025 22:41:29 America/Bogota] === CREAR COTIZACIÓN ===
[30-Nov-2025 22:41:29 America/Bogota] Máquina ID recibida: MAQ_002
[30-Nov-2025 22:41:29 America/Bogota] Nombre: Arbol de navidad (10cm)
[30-Nov-2025 22:41:29 America/Bogota] Peso: 20g
[30-Nov-2025 22:41:29 America/Bogota] Tiempo: 70 min
[30-Nov-2025 22:41:29 America/Bogota] 🆔 ID generado: 1764560489_7b2c1ea9d
[30-Nov-2025 22:41:29 America/Bogota] 🔄 Transacción iniciada
[30-Nov-2025 22:41:29 America/Bogota] ✅ Cotización insertada en BD
[30-Nov-2025 22:41:29 America/Bogota] ✅ Depreciación calculada: 326.67 COP
[30-Nov-2025 22:41:29 America/Bogota]    Máquina: Ender 3 V3 SE #2 (MAQ_002)
[30-Nov-2025 22:41:29 America/Bogota]    Depreciación/hora: 280.0000 COP
[30-Nov-2025 22:41:29 America/Bogota]    Tiempo: 1.1666666666667 horas
[30-Nov-2025 22:41:29 America/Bogota] 💰 Cálculos completados
[30-Nov-2025 22:41:29 America/Bogota] ✅ Cálculos insertados en BD
[30-Nov-2025 22:41:29 America/Bogota] ✅ Transacción confirmada (COMMIT)
[30-Nov-2025 22:43:36 America/Bogota] ✓ Conexión exitosa a MySQL
[30-Nov-2025 22:43:36 America/Bogota] 📥 RAW INPUT RECIBIDO
[30-Nov-2025 22:43:36 America/Bogota] 📦 INPUT DECODIFICADO CORRECTAMENTE
[30-Nov-2025 22:43:36 America/Bogota] === CREAR COTIZACIÓN ===
[30-Nov-2025 22:43:36 America/Bogota] Máquina ID recibida: MAQ_002
[30-Nov-2025 22:43:36 America/Bogota] Nombre: Arbol de navidad (10cm)
[30-Nov-2025 22:43:36 America/Bogota] Peso: 20g
[30-Nov-2025 22:43:36 America/Bogota] Tiempo: 70 min
[30-Nov-2025 22:43:36 America/Bogota] 🆔 ID generado: 1764560616_b2861320e
[30-Nov-2025 22:43:36 America/Bogota] 🔄 Transacción iniciada
[30-Nov-2025 22:43:36 America/Bogota] ✅ Cotización insertada en BD
[30-Nov-2025 22:43:36 America/Bogota] ✅ Depreciación calculada: 326.67 COP
[30-Nov-2025 22:43:36 America/Bogota]    Máquina: Ender 3 V3 SE #2 (MAQ_002)
[30-Nov-2025 22:43:36 America/Bogota]    Depreciación/hora: 280.0000 COP
[30-Nov-2025 22:43:36 America/Bogota]    Tiempo: 1.1666666666667 horas
[30-Nov-2025 22:43:36 America/Bogota] 💰 Cálculos completados
[30-Nov-2025 22:43:36 America/Bogota] ✅ Cálculos insertados en BD
[30-Nov-2025 22:43:36 America/Bogota] ✅ Transacción confirmada (COMMIT)
[30-Nov-2025 22:43:57 America/Bogota] ✓ Conexión exitosa a MySQL
[30-Nov-2025 22:43:57 America/Bogota] 📥 RAW INPUT RECIBIDO
[30-Nov-2025 22:43:57 America/Bogota] 📦 INPUT DECODIFICADO CORRECTAMENTE
[30-Nov-2025 22:43:57 America/Bogota] === CREAR COTIZACIÓN ===
[30-Nov-2025 22:43:57 America/Bogota] Máquina ID recibida: MAQ_002
[30-Nov-2025 22:43:57 America/Bogota] Nombre: Arbol de navidad (10cm)
[30-Nov-2025 22:43:57 America/Bogota] Peso: 20g
[30-Nov-2025 22:43:57 America/Bogota] Tiempo: 70 min
[30-Nov-2025 22:43:57 America/Bogota] 🆔 ID generado: 1764560637_004e3379e
[30-Nov-2025 22:43:57 America/Bogota] 🔄 Transacción iniciada
[30-Nov-2025 22:43:57 America/Bogota] ✅ Cotización insertada en BD
[30-Nov-2025 22:43:57 America/Bogota] ✅ Depreciación calculada: 326.67 COP
[30-Nov-2025 22:43:57 America/Bogota]    Máquina: Ender 3 V3 SE #2 (MAQ_002)
[30-Nov-2025 22:43:57 America/Bogota]    Depreciación/hora: 280.0000 COP
[30-Nov-2025 22:43:57 America/Bogota]    Tiempo: 1.1666666666667 horas
[30-Nov-2025 22:43:57 America/Bogota] 💰 Cálculos completados
[30-Nov-2025 22:43:57 America/Bogota] ✅ Cálculos insertados en BD
[30-Nov-2025 22:43:57 America/Bogota] ✅ Transacción confirmada (COMMIT)
[04-Dec-2025 23:39:52 America/Bogota] ✓ Conexión exitosa a MySQL
[04-Dec-2025 23:39:52 America/Bogota] ✓ Conexión exitosa a MySQL
[04-Dec-2025 23:39:55 America/Bogota] ✓ Conexión exitosa a MySQL
[04-Dec-2025 23:39:55 America/Bogota] ✓ Conexión exitosa a MySQL
[04-Dec-2025 23:39:57 America/Bogota] ✓ Conexión exitosa a MySQL
[04-Dec-2025 23:39:57 America/Bogota] ✓ Conexión exitosa a MySQL
[04-Dec-2025 23:39:57 America/Bogota] ✓ Conexión exitosa a MySQL
[04-Dec-2025 23:39:57 America/Bogota] ✓ Conexión exitosa a MySQL
[04-Dec-2025 23:39:57 America/Bogota] ✓ Conexión exitosa a MySQL
[04-Dec-2025 23:39:58 America/Bogota] ✓ Conexión exitosa a MySQL
[04-Dec-2025 23:39:58 America/Bogota] ✓ Conexión exitosa a MySQL
[04-Dec-2025 23:39:58 America/Bogota] ✓ Conexión exitosa a MySQL
[04-Dec-2025 23:46:47 America/Bogota] ✓ Conexión exitosa a MySQL
[04-Dec-2025 23:46:47 America/Bogota] 📥 RAW INPUT RECIBIDO
[04-Dec-2025 23:46:47 America/Bogota] 📦 INPUT DECODIFICADO CORRECTAMENTE
[04-Dec-2025 23:46:47 America/Bogota] === CREAR COTIZACIÓN ===
[04-Dec-2025 23:46:47 America/Bogota] Máquina ID recibida: MAQ_003
[04-Dec-2025 23:46:47 America/Bogota] Nombre: Pieza sin nombre
[04-Dec-2025 23:46:47 America/Bogota] Peso: 45g
[04-Dec-2025 23:46:47 America/Bogota] Tiempo: 368 min
[04-Dec-2025 23:46:47 America/Bogota] 🆔 ID generado: 1764910007_377c85c18
[04-Dec-2025 23:46:47 America/Bogota] 🔄 Transacción iniciada
[04-Dec-2025 23:46:47 America/Bogota] ✅ Cotización insertada en BD
[04-Dec-2025 23:46:47 America/Bogota] ✅ Insumos de postprocesado guardados
[04-Dec-2025 23:46:47 America/Bogota] ✅ Depreciación calculada: 2330.67 COP
[04-Dec-2025 23:46:47 America/Bogota]    Máquina: Flashforge AD5X (MAQ_003)
[04-Dec-2025 23:46:47 America/Bogota]    Depreciación/hora: 380.0000 COP
[04-Dec-2025 23:46:47 America/Bogota]    Tiempo: 6.1333333333333 horas
[04-Dec-2025 23:46:47 America/Bogota] 💰 Cálculos completados
[04-Dec-2025 23:46:47 America/Bogota] ✅ Cálculos insertados en BD
[04-Dec-2025 23:46:47 America/Bogota] ✅ Transacción confirmada (COMMIT)
[04-Dec-2025 23:48:46 America/Bogota] ✓ Conexión exitosa a MySQL
[04-Dec-2025 23:48:46 America/Bogota] 📥 RAW INPUT RECIBIDO
[04-Dec-2025 23:48:46 America/Bogota] 📦 INPUT DECODIFICADO CORRECTAMENTE
[04-Dec-2025 23:48:46 America/Bogota] === CREAR COTIZACIÓN ===
[04-Dec-2025 23:48:46 America/Bogota] Máquina ID recibida: MAQ_003
[04-Dec-2025 23:48:46 America/Bogota] Nombre: Pieza sin nombre
[04-Dec-2025 23:48:46 America/Bogota] Peso: 45g
[04-Dec-2025 23:48:46 America/Bogota] Tiempo: 368 min
[04-Dec-2025 23:48:46 America/Bogota] 🆔 ID generado: 1764910126_a783691cd
[04-Dec-2025 23:48:46 America/Bogota] 🔄 Transacción iniciada
[04-Dec-2025 23:48:46 America/Bogota] ✅ Cotización insertada en BD
[04-Dec-2025 23:48:46 America/Bogota] ✅ Insumos de postprocesado guardados
[04-Dec-2025 23:48:46 America/Bogota] ✅ Depreciación calculada: 2330.67 COP
[04-Dec-2025 23:48:46 America/Bogota]    Máquina: Flashforge AD5X (MAQ_003)
[04-Dec-2025 23:48:46 America/Bogota]    Depreciación/hora: 380.0000 COP
[04-Dec-2025 23:48:46 America/Bogota]    Tiempo: 6.1333333333333 horas
[04-Dec-2025 23:48:46 America/Bogota] 💰 Cálculos completados
[04-Dec-2025 23:48:46 America/Bogota] ✅ Cálculos insertados en BD
[04-Dec-2025 23:48:46 America/Bogota] ✅ Transacción confirmada (COMMIT)
[05-Dec-2025 11:59:45 America/Bogota] ✓ Conexión exitosa a MySQL
[05-Dec-2025 12:00:02 America/Bogota] ✓ Conexión exitosa a MySQL
[05-Dec-2025 12:00:02 America/Bogota] ✓ Conexión exitosa a MySQL
[05-Dec-2025 12:00:02 America/Bogota] ✓ Conexión exitosa a MySQL
[05-Dec-2025 12:00:02 America/Bogota] ✓ Conexión exitosa a MySQL
[05-Dec-2025 12:00:03 America/Bogota] ✓ Conexión exitosa a MySQL
[05-Dec-2025 12:00:03 America/Bogota] ✓ Conexión exitosa a MySQL
[05-Dec-2025 12:00:03 America/Bogota] ✓ Conexión exitosa a MySQL
[05-Dec-2025 12:00:03 America/Bogota] ✓ Conexión exitosa a MySQL
[05-Dec-2025 12:00:03 America/Bogota] ✓ Conexión exitosa a MySQL
[05-Dec-2025 12:00:04 America/Bogota] ✓ Conexión exitosa a MySQL
[05-Dec-2025 12:00:04 America/Bogota] ✓ Conexión exitosa a MySQL
[05-Dec-2025 12:00:04 America/Bogota] ✓ Conexión exitosa a MySQL
[05-Dec-2025 12:02:29 America/Bogota] ✓ Conexión exitosa a MySQL
[05-Dec-2025 12:02:29 America/Bogota] 📥 RAW INPUT RECIBIDO
[05-Dec-2025 12:02:29 America/Bogota] 📦 INPUT DECODIFICADO CORRECTAMENTE
[05-Dec-2025 12:02:29 America/Bogota] === CREAR COTIZACIÓN ===
[05-Dec-2025 12:02:29 America/Bogota] Máquina ID recibida: MAQ_003
[05-Dec-2025 12:02:29 America/Bogota] Nombre: Llavero Goku
[05-Dec-2025 12:02:29 America/Bogota] Peso: 13g
[05-Dec-2025 12:02:29 America/Bogota] Tiempo: 87 min
[05-Dec-2025 12:02:29 America/Bogota] 🆔 ID generado: 1764954149_07ade1edb
[05-Dec-2025 12:02:29 America/Bogota] 🔄 Transacción iniciada
[05-Dec-2025 12:02:29 America/Bogota] ✅ Cotización insertada en BD
[05-Dec-2025 12:02:29 America/Bogota] ✅ Insumos de postprocesado guardados
[05-Dec-2025 12:02:29 America/Bogota] ✅ Depreciación calculada: 551 COP
[05-Dec-2025 12:02:29 America/Bogota]    Máquina: Flashforge AD5X (MAQ_003)
[05-Dec-2025 12:02:29 America/Bogota]    Depreciación/hora: 380.0000 COP
[05-Dec-2025 12:02:29 America/Bogota]    Tiempo: 1.45 horas
[05-Dec-2025 12:02:29 America/Bogota] 💰 Cálculos completados
[05-Dec-2025 12:02:29 America/Bogota] ✅ Cálculos insertados en BD
[05-Dec-2025 12:02:29 America/Bogota] ✅ Transacción confirmada (COMMIT)
[08-Dec-2025 13:08:13 America/Bogota] ✓ Conexión exitosa a MySQL
[08-Dec-2025 13:08:13 America/Bogota] ✓ Conexión exitosa a MySQL
[08-Dec-2025 13:08:15 America/Bogota] ✓ Conexión exitosa a MySQL
[08-Dec-2025 13:08:15 America/Bogota] ✓ Conexión exitosa a MySQL
[08-Dec-2025 13:08:16 America/Bogota] ✓ Conexión exitosa a MySQL
[08-Dec-2025 13:08:16 America/Bogota] ✓ Conexión exitosa a MySQL
[08-Dec-2025 13:08:16 America/Bogota] ✓ Conexión exitosa a MySQL
[08-Dec-2025 13:08:16 America/Bogota] ✓ Conexión exitosa a MySQL
[08-Dec-2025 13:08:16 America/Bogota] ✓ Conexión exitosa a MySQL
[08-Dec-2025 13:08:16 America/Bogota] ✓ Conexión exitosa a MySQL
[08-Dec-2025 13:08:16 America/Bogota] ✓ Conexión exitosa a MySQL
[08-Dec-2025 13:08:16 America/Bogota] ✓ Conexión exitosa a MySQL
[08-Dec-2025 13:09:40 America/Bogota] ✓ Conexión exitosa a MySQL
[08-Dec-2025 13:09:40 America/Bogota] 📥 RAW INPUT RECIBIDO
[08-Dec-2025 13:09:40 America/Bogota] 📦 INPUT DECODIFICADO CORRECTAMENTE
[08-Dec-2025 13:09:40 America/Bogota] === CREAR COTIZACIÓN ===
[08-Dec-2025 13:09:40 America/Bogota] Máquina ID recibida: MAQ_003
[08-Dec-2025 13:09:40 America/Bogota] Nombre: Pieza sin nombre
[08-Dec-2025 13:09:40 America/Bogota] Peso: 18g
[08-Dec-2025 13:09:40 America/Bogota] Tiempo: 194 min
[08-Dec-2025 13:09:41 America/Bogota] 🆔 ID generado: 1765217381_0aa4a0e1f
[08-Dec-2025 13:09:41 America/Bogota] 🔄 Transacción iniciada
[08-Dec-2025 13:09:41 America/Bogota] ✅ Cotización insertada en BD
[08-Dec-2025 13:09:41 America/Bogota] ✅ Depreciación calculada: 1228.67 COP
[08-Dec-2025 13:09:41 America/Bogota]    Máquina: Flashforge AD5X (MAQ_003)
[08-Dec-2025 13:09:41 America/Bogota]    Depreciación/hora: 380.0000 COP
[08-Dec-2025 13:09:41 America/Bogota]    Tiempo: 3.2333333333333 horas
[08-Dec-2025 13:09:41 America/Bogota] 💰 Cálculos completados
[08-Dec-2025 13:09:41 America/Bogota] ✅ Cálculos insertados en BD
[08-Dec-2025 13:09:41 America/Bogota] ✅ Transacción confirmada (COMMIT)
[08-Dec-2025 13:09:50 America/Bogota] ✓ Conexión exitosa a MySQL
[08-Dec-2025 13:09:50 America/Bogota] 📥 RAW INPUT RECIBIDO
[08-Dec-2025 13:09:50 America/Bogota] 📦 INPUT DECODIFICADO CORRECTAMENTE
[08-Dec-2025 13:09:50 America/Bogota] === CREAR COTIZACIÓN ===
[08-Dec-2025 13:09:50 America/Bogota] Máquina ID recibida: MAQ_003
[08-Dec-2025 13:09:50 America/Bogota] Nombre: Pieza sin nombre
[08-Dec-2025 13:09:50 America/Bogota] Peso: 18g
[08-Dec-2025 13:09:50 America/Bogota] Tiempo: 194 min
[08-Dec-2025 13:09:50 America/Bogota] 🆔 ID generado: 1765217390_a28556c89
[08-Dec-2025 13:09:50 America/Bogota] 🔄 Transacción iniciada
[08-Dec-2025 13:09:50 America/Bogota] ✅ Cotización insertada en BD
[08-Dec-2025 13:09:50 America/Bogota] ✅ Depreciación calculada: 1228.67 COP
[08-Dec-2025 13:09:50 America/Bogota]    Máquina: Flashforge AD5X (MAQ_003)
[08-Dec-2025 13:09:50 America/Bogota]    Depreciación/hora: 380.0000 COP
[08-Dec-2025 13:09:50 America/Bogota]    Tiempo: 3.2333333333333 horas
[08-Dec-2025 13:09:50 America/Bogota] 💰 Cálculos completados
[08-Dec-2025 13:09:50 America/Bogota] ✅ Cálculos insertados en BD
[08-Dec-2025 13:09:50 America/Bogota] ✅ Transacción confirmada (COMMIT)
[08-Dec-2025 13:10:02 America/Bogota] ✓ Conexión exitosa a MySQL
[08-Dec-2025 13:10:02 America/Bogota] 📥 RAW INPUT RECIBIDO
[08-Dec-2025 13:10:02 America/Bogota] 📦 INPUT DECODIFICADO CORRECTAMENTE
[08-Dec-2025 13:10:02 America/Bogota] === CREAR COTIZACIÓN ===
[08-Dec-2025 13:10:02 America/Bogota] Máquina ID recibida: MAQ_003
[08-Dec-2025 13:10:02 America/Bogota] Nombre: Pieza sin nombre
[08-Dec-2025 13:10:02 America/Bogota] Peso: 18g
[08-Dec-2025 13:10:02 America/Bogota] Tiempo: 194 min
[08-Dec-2025 13:10:02 America/Bogota] 🆔 ID generado: 1765217402_97cc1635a
[08-Dec-2025 13:10:02 America/Bogota] 🔄 Transacción iniciada
[08-Dec-2025 13:10:02 America/Bogota] ✅ Cotización insertada en BD
[08-Dec-2025 13:10:02 America/Bogota] ✅ Depreciación calculada: 1228.67 COP
[08-Dec-2025 13:10:02 America/Bogota]    Máquina: Flashforge AD5X (MAQ_003)
[08-Dec-2025 13:10:02 America/Bogota]    Depreciación/hora: 380.0000 COP
[08-Dec-2025 13:10:02 America/Bogota]    Tiempo: 3.2333333333333 horas
[08-Dec-2025 13:10:02 America/Bogota] 💰 Cálculos completados
[08-Dec-2025 13:10:02 America/Bogota] ✅ Cálculos insertados en BD
[08-Dec-2025 13:10:02 America/Bogota] ✅ Transacción confirmada (COMMIT)
[08-Dec-2025 13:11:20 America/Bogota] ✓ Conexión exitosa a MySQL
[08-Dec-2025 13:11:20 America/Bogota] 📥 RAW INPUT RECIBIDO
[08-Dec-2025 13:11:20 America/Bogota] 📦 INPUT DECODIFICADO CORRECTAMENTE
[08-Dec-2025 13:11:20 America/Bogota] === CREAR COTIZACIÓN ===
[08-Dec-2025 13:11:20 America/Bogota] Máquina ID recibida: MAQ_003
[08-Dec-2025 13:11:20 America/Bogota] Nombre: Pieza sin nombre
[08-Dec-2025 13:11:20 America/Bogota] Peso: 18g
[08-Dec-2025 13:11:20 America/Bogota] Tiempo: 194 min
[08-Dec-2025 13:11:20 America/Bogota] 🆔 ID generado: 1765217480_0130d67a0
[08-Dec-2025 13:11:20 America/Bogota] 🔄 Transacción iniciada
[08-Dec-2025 13:11:20 America/Bogota] ✅ Cotización insertada en BD
[08-Dec-2025 13:11:20 America/Bogota] ✅ Depreciación calculada: 1228.67 COP
[08-Dec-2025 13:11:20 America/Bogota]    Máquina: Flashforge AD5X (MAQ_003)
[08-Dec-2025 13:11:20 America/Bogota]    Depreciación/hora: 380.0000 COP
[08-Dec-2025 13:11:20 America/Bogota]    Tiempo: 3.2333333333333 horas
[08-Dec-2025 13:11:20 America/Bogota] 💰 Cálculos completados
[08-Dec-2025 13:11:20 America/Bogota] ✅ Cálculos insertados en BD
[08-Dec-2025 13:11:20 America/Bogota] ✅ Transacción confirmada (COMMIT)
[08-Dec-2025 13:13:28 America/Bogota] ✓ Conexión exitosa a MySQL
[08-Dec-2025 13:13:28 America/Bogota] 📥 RAW INPUT RECIBIDO
[08-Dec-2025 13:13:28 America/Bogota] 📦 INPUT DECODIFICADO CORRECTAMENTE
[08-Dec-2025 13:13:28 America/Bogota] === CREAR COTIZACIÓN ===
[08-Dec-2025 13:13:28 America/Bogota] Máquina ID recibida: MAQ_003
[08-Dec-2025 13:13:28 America/Bogota] Nombre: Pieza sin nombre
[08-Dec-2025 13:13:28 America/Bogota] Peso: 30g
[08-Dec-2025 13:13:28 America/Bogota] Tiempo: 295 min
[08-Dec-2025 13:13:28 America/Bogota] 🆔 ID generado: 1765217608_3c969429e
[08-Dec-2025 13:13:28 America/Bogota] 🔄 Transacción iniciada
[08-Dec-2025 13:13:28 America/Bogota] ✅ Cotización insertada en BD
[08-Dec-2025 13:13:28 America/Bogota] ✅ Depreciación calculada: 1868.33 COP
[08-Dec-2025 13:13:28 America/Bogota]    Máquina: Flashforge AD5X (MAQ_003)
[08-Dec-2025 13:13:28 America/Bogota]    Depreciación/hora: 380.0000 COP
[08-Dec-2025 13:13:28 America/Bogota]    Tiempo: 4.9166666666667 horas
[08-Dec-2025 13:13:28 America/Bogota] 💰 Cálculos completados
[08-Dec-2025 13:13:28 America/Bogota] ✅ Cálculos insertados en BD
[08-Dec-2025 13:13:28 America/Bogota] ✅ Transacción confirmada (COMMIT)
[09-Dec-2025 14:53:53 America/Bogota] ✓ Conexión exitosa a MySQL
[09-Dec-2025 14:53:53 America/Bogota] ✓ Conexión exitosa a MySQL
[09-Dec-2025 14:53:55 America/Bogota] ✓ Conexión exitosa a MySQL
[09-Dec-2025 14:53:55 America/Bogota] ✓ Conexión exitosa a MySQL
[09-Dec-2025 14:53:58 America/Bogota] ✓ Conexión exitosa a MySQL
[09-Dec-2025 14:53:58 America/Bogota] ✓ Conexión exitosa a MySQL
[09-Dec-2025 14:53:58 America/Bogota] ✓ Conexión exitosa a MySQL
[09-Dec-2025 14:53:58 America/Bogota] ✓ Conexión exitosa a MySQL
[09-Dec-2025 14:53:58 America/Bogota] ✓ Conexión exitosa a MySQL
[09-Dec-2025 14:53:58 America/Bogota] ✓ Conexión exitosa a MySQL
[09-Dec-2025 14:53:58 America/Bogota] ✓ Conexión exitosa a MySQL
[09-Dec-2025 14:53:58 America/Bogota] ✓ Conexión exitosa a MySQL
[09-Dec-2025 14:59:17 America/Bogota] ✓ Conexión exitosa a MySQL
[09-Dec-2025 14:59:17 America/Bogota] ✓ Conexión exitosa a MySQL
[09-Dec-2025 14:59:19 America/Bogota] ✓ Conexión exitosa a MySQL
[09-Dec-2025 14:59:19 America/Bogota] ✓ Conexión exitosa a MySQL
[09-Dec-2025 14:59:20 America/Bogota] ✓ Conexión exitosa a MySQL
[09-Dec-2025 14:59:20 America/Bogota] ✓ Conexión exitosa a MySQL
[09-Dec-2025 14:59:20 America/Bogota] ✓ Conexión exitosa a MySQL
[09-Dec-2025 14:59:20 America/Bogota] ✓ Conexión exitosa a MySQL
[09-Dec-2025 14:59:20 America/Bogota] ✓ Conexión exitosa a MySQL
[09-Dec-2025 14:59:21 America/Bogota] ✓ Conexión exitosa a MySQL
[09-Dec-2025 14:59:21 America/Bogota] ✓ Conexión exitosa a MySQL
[09-Dec-2025 14:59:21 America/Bogota] ✓ Conexión exitosa a MySQL
[09-Dec-2025 15:01:06 America/Bogota] ✓ Conexión exitosa a MySQL
[09-Dec-2025 15:01:06 America/Bogota] 📥 RAW INPUT RECIBIDO
[09-Dec-2025 15:01:06 America/Bogota] 📦 INPUT DECODIFICADO CORRECTAMENTE
[09-Dec-2025 15:01:07 America/Bogota] === CREAR COTIZACIÓN ===
[09-Dec-2025 15:01:07 America/Bogota] Máquina ID recibida: MAQ_003
[09-Dec-2025 15:01:07 America/Bogota] Nombre: Pieza sin nombre
[09-Dec-2025 15:01:07 America/Bogota] Peso: 1000g
[09-Dec-2025 15:01:07 America/Bogota] Tiempo: 3795 min
[09-Dec-2025 15:01:07 America/Bogota] 🆔 ID generado: 1765310467_aaff66e05
[09-Dec-2025 15:01:07 America/Bogota] 🔄 Transacción iniciada
[09-Dec-2025 15:01:07 America/Bogota] ✅ Cotización insertada en BD
[09-Dec-2025 15:01:07 America/Bogota] ✅ Depreciación calculada: 24035 COP
[09-Dec-2025 15:01:07 America/Bogota]    Máquina: Flashforge AD5X (MAQ_003)
[09-Dec-2025 15:01:07 America/Bogota]    Depreciación/hora: 380.0000 COP
[09-Dec-2025 15:01:07 America/Bogota]    Tiempo: 63.25 horas
[09-Dec-2025 15:01:07 America/Bogota] 💰 Cálculos completados
[09-Dec-2025 15:01:07 America/Bogota] ✅ Cálculos insertados en BD
[09-Dec-2025 15:01:07 America/Bogota] ✅ Transacción confirmada (COMMIT)
[09-Dec-2025 15:10:39 America/Bogota] ✓ Conexión exitosa a MySQL
[09-Dec-2025 15:10:39 America/Bogota] 📥 RAW INPUT RECIBIDO
[09-Dec-2025 15:10:39 America/Bogota] 📦 INPUT DECODIFICADO CORRECTAMENTE
[09-Dec-2025 15:10:39 America/Bogota] === CREAR COTIZACIÓN ===
[09-Dec-2025 15:10:39 America/Bogota] Máquina ID recibida: MAQ_003
[09-Dec-2025 15:10:39 America/Bogota] Nombre: Pieza sin nombre
[09-Dec-2025 15:10:39 America/Bogota] Peso: 1000g
[09-Dec-2025 15:10:39 America/Bogota] Tiempo: 3795 min
[09-Dec-2025 15:10:39 America/Bogota] 🆔 ID generado: 1765311039_5c8c8f4b1
[09-Dec-2025 15:10:39 America/Bogota] 🔄 Transacción iniciada
[09-Dec-2025 15:10:39 America/Bogota] ✅ Cotización insertada en BD
[09-Dec-2025 15:10:39 America/Bogota] ✅ Depreciación calculada: 24035 COP
[09-Dec-2025 15:10:39 America/Bogota]    Máquina: Flashforge AD5X (MAQ_003)
[09-Dec-2025 15:10:39 America/Bogota]    Depreciación/hora: 380.0000 COP
[09-Dec-2025 15:10:39 America/Bogota]    Tiempo: 63.25 horas
[09-Dec-2025 15:10:39 America/Bogota] 💰 Cálculos completados
[09-Dec-2025 15:10:39 America/Bogota] ✅ Cálculos insertados en BD
[09-Dec-2025 15:10:39 America/Bogota] ✅ Transacción confirmada (COMMIT)
[15-Dec-2025 12:18:24 America/Bogota] ✓ Conexión exitosa a MySQL
[15-Dec-2025 12:18:24 America/Bogota] ✓ Conexión exitosa a MySQL
[15-Dec-2025 12:18:26 America/Bogota] ✓ Conexión exitosa a MySQL
[15-Dec-2025 12:18:26 America/Bogota] ✓ Conexión exitosa a MySQL
[15-Dec-2025 12:18:28 America/Bogota] ✓ Conexión exitosa a MySQL
[15-Dec-2025 12:18:28 America/Bogota] ✓ Conexión exitosa a MySQL
[15-Dec-2025 12:18:28 America/Bogota] ✓ Conexión exitosa a MySQL
[15-Dec-2025 12:18:28 America/Bogota] ✓ Conexión exitosa a MySQL
[15-Dec-2025 12:18:28 America/Bogota] ✓ Conexión exitosa a MySQL
[15-Dec-2025 12:18:29 America/Bogota] ✓ Conexión exitosa a MySQL
[15-Dec-2025 12:18:29 America/Bogota] ✓ Conexión exitosa a MySQL
[15-Dec-2025 12:18:29 America/Bogota] ✓ Conexión exitosa a MySQL
[15-Dec-2025 12:20:02 America/Bogota] ✓ Conexión exitosa a MySQL
[15-Dec-2025 12:20:02 America/Bogota] 📥 RAW INPUT RECIBIDO
[15-Dec-2025 12:20:02 America/Bogota] 📦 INPUT DECODIFICADO CORRECTAMENTE
[15-Dec-2025 12:20:02 America/Bogota] === CREAR COTIZACIÓN ===
[15-Dec-2025 12:20:02 America/Bogota] Máquina ID recibida: MAQ_003
[15-Dec-2025 12:20:02 America/Bogota] Nombre: Pieza sin nombre
[15-Dec-2025 12:20:02 America/Bogota] Peso: 20g
[15-Dec-2025 12:20:02 America/Bogota] Tiempo: 60 min
[15-Dec-2025 12:20:02 America/Bogota] 🆔 ID generado: 1765819202_5c05b9ca5
[15-Dec-2025 12:20:02 America/Bogota] 🔄 Transacción iniciada
[15-Dec-2025 12:20:02 America/Bogota] ✅ Cotización insertada en BD
[15-Dec-2025 12:20:02 America/Bogota] ✅ Depreciación calculada: 380 COP
[15-Dec-2025 12:20:02 America/Bogota]    Máquina: Flashforge AD5X (MAQ_003)
[15-Dec-2025 12:20:02 America/Bogota]    Depreciación/hora: 380.0000 COP
[15-Dec-2025 12:20:02 America/Bogota]    Tiempo: 1 horas
[15-Dec-2025 12:20:02 America/Bogota] 💰 Cálculos completados
[15-Dec-2025 12:20:02 America/Bogota] ✅ Cálculos insertados en BD
[15-Dec-2025 12:20:02 America/Bogota] ✅ Transacción confirmada (COMMIT)
[31-Dec-2025 15:20:57 America/Bogota] ✗ Error de conexión a MySQL:
[31-Dec-2025 15:20:57 America/Bogota] ✗ Error de conexión a MySQL:
[31-Dec-2025 15:20:57 America/Bogota]   - Host: 127.0.0.1
[31-Dec-2025 15:20:57 America/Bogota]   - Host: 127.0.0.1
[31-Dec-2025 15:20:57 America/Bogota]   - Puerto: 3307
[31-Dec-2025 15:20:57 America/Bogota]   - Puerto: 3307
[31-Dec-2025 15:20:57 America/Bogota]   - Base de datos: sistema_gestion_3d
[31-Dec-2025 15:20:57 America/Bogota]   - Base de datos: sistema_gestion_3d
[31-Dec-2025 15:20:57 America/Bogota]   - Usuario: root
[31-Dec-2025 15:20:57 America/Bogota]   - Usuario: root
[31-Dec-2025 15:20:57 America/Bogota]   - Error: SQLSTATE[HY000] [2002] No se puede establecer una conexión ya que el equipo de destino denegó expresamente dicha conexión
[31-Dec-2025 15:20:57 America/Bogota]   - Error: SQLSTATE[HY000] [2002] No se puede establecer una conexión ya que el equipo de destino denegó expresamente dicha conexión
[31-Dec-2025 15:21:03 America/Bogota] ✗ Error de conexión a MySQL:
[31-Dec-2025 15:21:03 America/Bogota]   - Host: 127.0.0.1
[31-Dec-2025 15:21:03 America/Bogota]   - Puerto: 3307
[31-Dec-2025 15:21:03 America/Bogota]   - Base de datos: sistema_gestion_3d
[31-Dec-2025 15:21:03 America/Bogota]   - Usuario: root
[31-Dec-2025 15:21:03 America/Bogota]   - Error: SQLSTATE[HY000] [2002] No se puede establecer una conexión ya que el equipo de destino denegó expresamente dicha conexión
[31-Dec-2025 15:21:06 America/Bogota] ✗ Error de conexión a MySQL:
[31-Dec-2025 15:21:06 America/Bogota]   - Host: 127.0.0.1
[31-Dec-2025 15:21:06 America/Bogota]   - Puerto: 3307
[31-Dec-2025 15:21:06 America/Bogota]   - Base de datos: sistema_gestion_3d
[31-Dec-2025 15:21:06 America/Bogota]   - Usuario: root
[31-Dec-2025 15:21:06 America/Bogota]   - Error: SQLSTATE[HY000] [2002] No se puede establecer una conexión ya que el equipo de destino denegó expresamente dicha conexión
[31-Dec-2025 15:21:06 America/Bogota] ✗ Error de conexión a MySQL:
[31-Dec-2025 15:21:06 America/Bogota]   - Host: 127.0.0.1
[31-Dec-2025 15:21:06 America/Bogota]   - Puerto: 3307
[31-Dec-2025 15:21:06 America/Bogota]   - Base de datos: sistema_gestion_3d
[31-Dec-2025 15:21:06 America/Bogota]   - Usuario: root
[31-Dec-2025 15:21:06 America/Bogota]   - Error: SQLSTATE[HY000] [2002] No se puede establecer una conexión ya que el equipo de destino denegó expresamente dicha conexión
[31-Dec-2025 15:21:08 America/Bogota] ✗ Error de conexión a MySQL:
[31-Dec-2025 15:21:08 America/Bogota]   - Host: 127.0.0.1
[31-Dec-2025 15:21:08 America/Bogota]   - Puerto: 3307
[31-Dec-2025 15:21:08 America/Bogota]   - Base de datos: sistema_gestion_3d
[31-Dec-2025 15:21:08 America/Bogota]   - Usuario: root
[31-Dec-2025 15:21:08 America/Bogota]   - Error: SQLSTATE[HY000] [2002] No se puede establecer una conexión ya que el equipo de destino denegó expresamente dicha conexión
[31-Dec-2025 15:21:20 America/Bogota] ✓ Conexión exitosa a MySQL
[31-Dec-2025 15:21:20 America/Bogota] ✓ Conexión exitosa a MySQL
[31-Dec-2025 15:21:21 America/Bogota] ✓ Conexión exitosa a MySQL
[31-Dec-2025 15:21:21 America/Bogota] ✓ Conexión exitosa a MySQL
[31-Dec-2025 15:21:26 America/Bogota] ✓ Conexión exitosa a MySQL
[31-Dec-2025 15:21:26 America/Bogota] ✓ Conexión exitosa a MySQL
[31-Dec-2025 15:21:26 America/Bogota] ✓ Conexión exitosa a MySQL
[31-Dec-2025 15:21:26 America/Bogota] ✓ Conexión exitosa a MySQL
[31-Dec-2025 15:21:26 America/Bogota] ✓ Conexión exitosa a MySQL
[31-Dec-2025 15:21:26 America/Bogota] ✓ Conexión exitosa a MySQL
[31-Dec-2025 15:21:26 America/Bogota] ✓ Conexión exitosa a MySQL
[31-Dec-2025 15:21:27 America/Bogota] ✓ Conexión exitosa a MySQL
[31-Dec-2025 15:22:13 America/Bogota] ✓ Conexión exitosa a MySQL
[31-Dec-2025 15:22:13 America/Bogota] 📥 RAW INPUT RECIBIDO
[31-Dec-2025 15:22:13 America/Bogota] 📦 INPUT DECODIFICADO CORRECTAMENTE
[31-Dec-2025 15:22:13 America/Bogota] === CREAR COTIZACIÓN ===
[31-Dec-2025 15:22:13 America/Bogota] Máquina ID recibida: MAQ_001
[31-Dec-2025 15:22:13 America/Bogota] Nombre: prueba de costos
[31-Dec-2025 15:22:13 America/Bogota] Peso: 50g
[31-Dec-2025 15:22:13 America/Bogota] Tiempo: 120 min
[31-Dec-2025 15:22:13 America/Bogota] 🆔 ID generado: 1767212533_b59cb6855
[31-Dec-2025 15:22:13 America/Bogota] 🔄 Transacción iniciada
[31-Dec-2025 15:22:13 America/Bogota] ✅ Cotización insertada en BD
[31-Dec-2025 15:22:13 America/Bogota] ✅ Depreciación calculada: 560 COP
[31-Dec-2025 15:22:13 America/Bogota]    Máquina: Ender 3 V3 SE #1 (MAQ_001)
[31-Dec-2025 15:22:13 America/Bogota]    Depreciación/hora: 280.0000 COP
[31-Dec-2025 15:22:13 America/Bogota]    Tiempo: 2 horas
[31-Dec-2025 15:22:13 America/Bogota] 💰 Cálculos completados
[31-Dec-2025 15:22:13 America/Bogota] ✅ Cálculos insertados en BD
[31-Dec-2025 15:22:13 America/Bogota] ✅ Transacción confirmada (COMMIT)
[31-Dec-2025 15:28:54 America/Bogota] ✓ Conexión exitosa a MySQL
[31-Dec-2025 15:28:54 America/Bogota] 📥 RAW INPUT RECIBIDO
[31-Dec-2025 15:28:54 America/Bogota] 📦 INPUT DECODIFICADO CORRECTAMENTE
[31-Dec-2025 15:28:54 America/Bogota] === CREAR COTIZACIÓN ===
[31-Dec-2025 15:28:54 America/Bogota] Máquina ID recibida: MAQ_001
[31-Dec-2025 15:28:54 America/Bogota] Nombre: prueba de costos 2 (costos con PP)
[31-Dec-2025 15:28:54 America/Bogota] Peso: 50g
[31-Dec-2025 15:28:54 America/Bogota] Tiempo: 120 min
[31-Dec-2025 15:28:54 America/Bogota] 🆔 ID generado: 1767212934_04efd57ab
[31-Dec-2025 15:28:54 America/Bogota] 🔄 Transacción iniciada
[31-Dec-2025 15:28:54 America/Bogota] ✅ Cotización insertada en BD
[31-Dec-2025 15:28:54 America/Bogota] ✅ Depreciación calculada: 560 COP
[31-Dec-2025 15:28:54 America/Bogota]    Máquina: Ender 3 V3 SE #1 (MAQ_001)
[31-Dec-2025 15:28:54 America/Bogota]    Depreciación/hora: 280.0000 COP
[31-Dec-2025 15:28:54 America/Bogota]    Tiempo: 2 horas
[31-Dec-2025 15:28:54 America/Bogota] 💰 Cálculos completados
[31-Dec-2025 15:28:54 America/Bogota] ✅ Cálculos insertados en BD
[31-Dec-2025 15:28:54 America/Bogota] ✅ Transacción confirmada (COMMIT)
[31-Dec-2025 15:30:05 America/Bogota] ✓ Conexión exitosa a MySQL
[31-Dec-2025 15:30:05 America/Bogota] 📥 RAW INPUT RECIBIDO
[31-Dec-2025 15:30:05 America/Bogota] 📦 INPUT DECODIFICADO CORRECTAMENTE
[31-Dec-2025 15:30:05 America/Bogota] === CREAR COTIZACIÓN ===
[31-Dec-2025 15:30:05 America/Bogota] Máquina ID recibida: MAQ_001
[31-Dec-2025 15:30:05 America/Bogota] Nombre: prueba de costos 2 (costos con PP precio x)
[31-Dec-2025 15:30:05 America/Bogota] Peso: 50g
[31-Dec-2025 15:30:05 America/Bogota] Tiempo: 120 min
[31-Dec-2025 15:30:05 America/Bogota] 🆔 ID generado: 1767213005_dd738a649
[31-Dec-2025 15:30:05 America/Bogota] 🔄 Transacción iniciada
[31-Dec-2025 15:30:05 America/Bogota] ✅ Cotización insertada en BD
[31-Dec-2025 15:30:05 America/Bogota] ✅ Depreciación calculada: 560 COP
[31-Dec-2025 15:30:05 America/Bogota]    Máquina: Ender 3 V3 SE #1 (MAQ_001)
[31-Dec-2025 15:30:05 America/Bogota]    Depreciación/hora: 280.0000 COP
[31-Dec-2025 15:30:05 America/Bogota]    Tiempo: 2 horas
[31-Dec-2025 15:30:05 America/Bogota] 💰 Cálculos completados
[31-Dec-2025 15:30:05 America/Bogota] ✅ Cálculos insertados en BD
[31-Dec-2025 15:30:05 America/Bogota] ✅ Transacción confirmada (COMMIT)
[31-Dec-2025 15:31:31 America/Bogota] ✓ Conexión exitosa a MySQL
[31-Dec-2025 15:31:31 America/Bogota] 📥 RAW INPUT RECIBIDO
[31-Dec-2025 15:31:31 America/Bogota] 📦 INPUT DECODIFICADO CORRECTAMENTE
[31-Dec-2025 15:31:31 America/Bogota] === CREAR COTIZACIÓN ===
[31-Dec-2025 15:31:31 America/Bogota] Máquina ID recibida: MAQ_001
[31-Dec-2025 15:31:31 America/Bogota] Nombre: prueba de costos 2 (costos con PP precio x + insumo)
[31-Dec-2025 15:31:31 America/Bogota] Peso: 50g
[31-Dec-2025 15:31:31 America/Bogota] Tiempo: 120 min
[31-Dec-2025 15:31:31 America/Bogota] 🆔 ID generado: 1767213091_1b99ed682
[31-Dec-2025 15:31:31 America/Bogota] 🔄 Transacción iniciada
[31-Dec-2025 15:31:31 America/Bogota] ✅ Cotización insertada en BD
[31-Dec-2025 15:31:31 America/Bogota] ✅ Insumos de postprocesado guardados
[31-Dec-2025 15:31:31 America/Bogota] ✅ Depreciación calculada: 560 COP
[31-Dec-2025 15:31:31 America/Bogota]    Máquina: Ender 3 V3 SE #1 (MAQ_001)
[31-Dec-2025 15:31:31 America/Bogota]    Depreciación/hora: 280.0000 COP
[31-Dec-2025 15:31:31 America/Bogota]    Tiempo: 2 horas
[31-Dec-2025 15:31:31 America/Bogota] 💰 Cálculos completados
[31-Dec-2025 15:31:31 America/Bogota] ✅ Cálculos insertados en BD
[31-Dec-2025 15:31:31 America/Bogota] ✅ Transacción confirmada (COMMIT)
[31-Dec-2025 15:33:01 America/Bogota] ✓ Conexión exitosa a MySQL
[31-Dec-2025 15:33:01 America/Bogota] 📥 RAW INPUT RECIBIDO
[31-Dec-2025 15:33:01 America/Bogota] 📦 INPUT DECODIFICADO CORRECTAMENTE
[31-Dec-2025 15:33:01 America/Bogota] === CREAR COTIZACIÓN ===
[31-Dec-2025 15:33:01 America/Bogota] Máquina ID recibida: MAQ_001
[31-Dec-2025 15:33:01 America/Bogota] Nombre: prueba de costos 2 (costos con PP precio x + insumo x %)
[31-Dec-2025 15:33:01 America/Bogota] Peso: 50g
[31-Dec-2025 15:33:01 America/Bogota] Tiempo: 120 min
[31-Dec-2025 15:33:01 America/Bogota] 🆔 ID generado: 1767213181_71f033bde
[31-Dec-2025 15:33:01 America/Bogota] 🔄 Transacción iniciada
[31-Dec-2025 15:33:01 America/Bogota] ✅ Cotización insertada en BD
[31-Dec-2025 15:33:01 America/Bogota] ✅ Insumos de postprocesado guardados
[31-Dec-2025 15:33:01 America/Bogota] ✅ Depreciación calculada: 560 COP
[31-Dec-2025 15:33:01 America/Bogota]    Máquina: Ender 3 V3 SE #1 (MAQ_001)
[31-Dec-2025 15:33:01 America/Bogota]    Depreciación/hora: 280.0000 COP
[31-Dec-2025 15:33:01 America/Bogota]    Tiempo: 2 horas
[31-Dec-2025 15:33:01 America/Bogota] 💰 Cálculos completados
[31-Dec-2025 15:33:01 America/Bogota] ✅ Cálculos insertados en BD
[31-Dec-2025 15:33:01 America/Bogota] ✅ Transacción confirmada (COMMIT)
[31-Dec-2025 15:39:02 America/Bogota] ✓ Conexión exitosa a MySQL
[31-Dec-2025 15:39:02 America/Bogota] 📥 RAW INPUT RECIBIDO
[31-Dec-2025 15:39:02 America/Bogota] 📦 INPUT DECODIFICADO CORRECTAMENTE
[31-Dec-2025 15:39:02 America/Bogota] === CREAR COTIZACIÓN ===
[31-Dec-2025 15:39:02 America/Bogota] Máquina ID recibida: MAQ_001
[31-Dec-2025 15:39:02 America/Bogota] Nombre: prueba de costos 2 (costos con PP precio x + insumo x %)
[31-Dec-2025 15:39:02 America/Bogota] Peso: 50g
[31-Dec-2025 15:39:02 America/Bogota] Tiempo: 120 min
[31-Dec-2025 15:39:02 America/Bogota] 🆔 ID generado: 1767213542_b9ab4d97b
[31-Dec-2025 15:39:02 America/Bogota] 🔄 Transacción iniciada
[31-Dec-2025 15:39:02 America/Bogota] ✅ Cotización insertada en BD
[31-Dec-2025 15:39:02 America/Bogota] ✅ Insumos de postprocesado guardados
[31-Dec-2025 15:39:02 America/Bogota] ✅ Depreciación calculada: 560 COP
[31-Dec-2025 15:39:02 America/Bogota]    Máquina: Ender 3 V3 SE #1 (MAQ_001)
[31-Dec-2025 15:39:02 America/Bogota]    Depreciación/hora: 280.0000 COP
[31-Dec-2025 15:39:02 America/Bogota]    Tiempo: 2 horas
[31-Dec-2025 15:39:02 America/Bogota] 💰 Cálculos completados
[31-Dec-2025 15:39:02 America/Bogota] ✅ Cálculos insertados en BD
[31-Dec-2025 15:39:02 America/Bogota] ✅ Transacción confirmada (COMMIT)
[31-Dec-2025 15:40:13 America/Bogota] ✓ Conexión exitosa a MySQL
[31-Dec-2025 15:40:13 America/Bogota] 📥 RAW INPUT RECIBIDO
[31-Dec-2025 15:40:13 America/Bogota] 📦 INPUT DECODIFICADO CORRECTAMENTE
[31-Dec-2025 15:40:13 America/Bogota] === CREAR COTIZACIÓN ===
[31-Dec-2025 15:40:13 America/Bogota] Máquina ID recibida: MAQ_001
[31-Dec-2025 15:40:13 America/Bogota] Nombre: prueba de costos 2 (costos con PP precio x + insumo x % + varios insumos)
[31-Dec-2025 15:40:13 America/Bogota] Peso: 50g
[31-Dec-2025 15:40:13 America/Bogota] Tiempo: 120 min
[31-Dec-2025 15:40:13 America/Bogota] 🆔 ID generado: 1767213613_adcfd083d
[31-Dec-2025 15:40:13 America/Bogota] 🔄 Transacción iniciada
[31-Dec-2025 15:40:13 America/Bogota] ✅ Cotización insertada en BD
[31-Dec-2025 15:40:13 America/Bogota] ✅ Insumos de postprocesado guardados
[31-Dec-2025 15:40:13 America/Bogota] ✅ Depreciación calculada: 560 COP
[31-Dec-2025 15:40:13 America/Bogota]    Máquina: Ender 3 V3 SE #1 (MAQ_001)
[31-Dec-2025 15:40:13 America/Bogota]    Depreciación/hora: 280.0000 COP
[31-Dec-2025 15:40:13 America/Bogota]    Tiempo: 2 horas
[31-Dec-2025 15:40:13 America/Bogota] 💰 Cálculos completados
[31-Dec-2025 15:40:13 America/Bogota] ✅ Cálculos insertados en BD
[31-Dec-2025 15:40:13 America/Bogota] ✅ Transacción confirmada (COMMIT)
[31-Dec-2025 15:45:29 America/Bogota] ✓ Conexión exitosa a MySQL
[31-Dec-2025 15:45:29 America/Bogota] 📥 RAW INPUT RECIBIDO
[31-Dec-2025 15:45:29 America/Bogota] 📦 INPUT DECODIFICADO CORRECTAMENTE
[31-Dec-2025 15:45:29 America/Bogota] === CREAR COTIZACIÓN ===
[31-Dec-2025 15:45:29 America/Bogota] Máquina ID recibida: MAQ_001
[31-Dec-2025 15:45:29 America/Bogota] Nombre: prueba de costos 2 (costos con PP precio x + insumo x % + varios insumos)+ varias piezas
[31-Dec-2025 15:45:29 America/Bogota] Peso: 50g
[31-Dec-2025 15:45:29 America/Bogota] Tiempo: 120 min
[31-Dec-2025 15:45:29 America/Bogota] 🆔 ID generado: 1767213929_a8e8041f2
[31-Dec-2025 15:45:29 America/Bogota] 🔄 Transacción iniciada
[31-Dec-2025 15:45:29 America/Bogota] ✅ Cotización insertada en BD
[31-Dec-2025 15:45:29 America/Bogota] ✅ Insumos de postprocesado guardados
[31-Dec-2025 15:45:29 America/Bogota] ✅ Depreciación calculada: 560 COP
[31-Dec-2025 15:45:29 America/Bogota]    Máquina: Ender 3 V3 SE #1 (MAQ_001)
[31-Dec-2025 15:45:29 America/Bogota]    Depreciación/hora: 280.0000 COP
[31-Dec-2025 15:45:29 America/Bogota]    Tiempo: 2 horas
[31-Dec-2025 15:45:29 America/Bogota] 💰 Cálculos completados
[31-Dec-2025 15:45:29 America/Bogota] ✅ Cálculos insertados en BD
[31-Dec-2025 15:45:29 America/Bogota] ✅ Transacción confirmada (COMMIT)
[31-Dec-2025 15:46:07 America/Bogota] ✓ Conexión exitosa a MySQL
[31-Dec-2025 15:46:07 America/Bogota] 📥 RAW INPUT RECIBIDO
[31-Dec-2025 15:46:07 America/Bogota] 📦 INPUT DECODIFICADO CORRECTAMENTE
[31-Dec-2025 15:46:07 America/Bogota] === CREAR COTIZACIÓN ===
[31-Dec-2025 15:46:07 America/Bogota] Máquina ID recibida: MAQ_001
[31-Dec-2025 15:46:07 America/Bogota] Nombre: prueba de costos 2 (costos con PP precio x + insumo x % + varios insumos)+ varias piezas
[31-Dec-2025 15:46:07 America/Bogota] Peso: 50g
[31-Dec-2025 15:46:07 America/Bogota] Tiempo: 120 min
[31-Dec-2025 15:46:07 America/Bogota] 🆔 ID generado: 1767213967_9c152a5cc
[31-Dec-2025 15:46:07 America/Bogota] 🔄 Transacción iniciada
[31-Dec-2025 15:46:07 America/Bogota] ✅ Cotización insertada en BD
[31-Dec-2025 15:46:07 America/Bogota] ✅ Insumos de postprocesado guardados
[31-Dec-2025 15:46:07 America/Bogota] ✅ Depreciación calculada: 560 COP
[31-Dec-2025 15:46:07 America/Bogota]    Máquina: Ender 3 V3 SE #1 (MAQ_001)
[31-Dec-2025 15:46:07 America/Bogota]    Depreciación/hora: 280.0000 COP
[31-Dec-2025 15:46:07 America/Bogota]    Tiempo: 2 horas
[31-Dec-2025 15:46:07 America/Bogota] 💰 Cálculos completados
[31-Dec-2025 15:46:07 America/Bogota] ✅ Cálculos insertados en BD
[31-Dec-2025 15:46:07 America/Bogota] ✅ Transacción confirmada (COMMIT)
[04-Jan-2026 12:26:51 America/Bogota] ✗ Error de conexión a MySQL:
[04-Jan-2026 12:26:51 America/Bogota] ✗ Error de conexión a MySQL:
[04-Jan-2026 12:26:51 America/Bogota]   - Host: 127.0.0.1
[04-Jan-2026 12:26:51 America/Bogota]   - Host: 127.0.0.1
[04-Jan-2026 12:26:51 America/Bogota]   - Puerto: 3307
[04-Jan-2026 12:26:51 America/Bogota]   - Puerto: 3307
[04-Jan-2026 12:26:51 America/Bogota]   - Base de datos: sistema_gestion_3d
[04-Jan-2026 12:26:51 America/Bogota]   - Base de datos: sistema_gestion_3d
[04-Jan-2026 12:26:51 America/Bogota]   - Usuario: root
[04-Jan-2026 12:26:51 America/Bogota]   - Usuario: root
[04-Jan-2026 12:26:51 America/Bogota]   - Error: SQLSTATE[HY000] [2002] No se puede establecer una conexión ya que el equipo de destino denegó expresamente dicha conexión
[04-Jan-2026 12:26:51 America/Bogota]   - Error: SQLSTATE[HY000] [2002] No se puede establecer una conexión ya que el equipo de destino denegó expresamente dicha conexión
[04-Jan-2026 12:26:55 America/Bogota] ✓ Conexión exitosa a MySQL
[04-Jan-2026 12:26:55 America/Bogota] ✓ Conexión exitosa a MySQL
[04-Jan-2026 12:26:57 America/Bogota] ✓ Conexión exitosa a MySQL
[04-Jan-2026 12:26:57 America/Bogota] ✓ Conexión exitosa a MySQL
[04-Jan-2026 12:26:57 America/Bogota] ✓ Conexión exitosa a MySQL
[04-Jan-2026 12:26:57 America/Bogota] ✓ Conexión exitosa a MySQL
[04-Jan-2026 12:26:57 America/Bogota] ✓ Conexión exitosa a MySQL
[04-Jan-2026 12:26:58 America/Bogota] ✓ Conexión exitosa a MySQL
[04-Jan-2026 12:26:58 America/Bogota] ✓ Conexión exitosa a MySQL
[04-Jan-2026 12:26:58 America/Bogota] ✓ Conexión exitosa a MySQL
[04-Jan-2026 12:28:25 America/Bogota] ✓ Conexión exitosa a MySQL
[04-Jan-2026 12:28:25 America/Bogota] 📥 RAW INPUT RECIBIDO
[04-Jan-2026 12:28:25 America/Bogota] 📦 INPUT DECODIFICADO CORRECTAMENTE
[04-Jan-2026 12:28:25 America/Bogota] === CREAR COTIZACIÓN ===
[04-Jan-2026 12:28:25 America/Bogota] Máquina ID recibida: MAQ_003
[04-Jan-2026 12:28:25 America/Bogota] Nombre: Placa Spotify
[04-Jan-2026 12:28:25 America/Bogota] Peso: 10g
[04-Jan-2026 12:28:25 America/Bogota] Tiempo: 20 min
[04-Jan-2026 12:28:25 America/Bogota] 🆔 ID generado: 1767547705_4a1c76db3
[04-Jan-2026 12:28:25 America/Bogota] 🔄 Transacción iniciada
[04-Jan-2026 12:28:25 America/Bogota] ✅ Cotización insertada en BD
[04-Jan-2026 12:28:25 America/Bogota] ✅ Insumos de postprocesado guardados
[04-Jan-2026 12:28:25 America/Bogota] ✅ Depreciación calculada: 126.67 COP
[04-Jan-2026 12:28:25 America/Bogota]    Máquina: Flashforge AD5X (MAQ_003)
[04-Jan-2026 12:28:25 America/Bogota]    Depreciación/hora: 380.0000 COP
[04-Jan-2026 12:28:25 America/Bogota]    Tiempo: 0.33333333333333 horas
[04-Jan-2026 12:28:25 America/Bogota] 💰 Cálculos completados
[04-Jan-2026 12:28:25 America/Bogota] ✅ Cálculos insertados en BD
[04-Jan-2026 12:28:25 America/Bogota] ✅ Transacción confirmada (COMMIT)
[05-Jan-2026 18:44:29 America/Bogota] ✓ Conexión exitosa a MySQL
[05-Jan-2026 18:44:29 America/Bogota] ✓ Conexión exitosa a MySQL
[05-Jan-2026 18:44:32 America/Bogota] ✓ Conexión exitosa a MySQL
[05-Jan-2026 18:44:32 America/Bogota] ✓ Conexión exitosa a MySQL
[05-Jan-2026 18:44:38 America/Bogota] ✓ Conexión exitosa a MySQL
[05-Jan-2026 18:44:38 America/Bogota] ✓ Conexión exitosa a MySQL
[05-Jan-2026 18:44:38 America/Bogota] ✓ Conexión exitosa a MySQL
[05-Jan-2026 18:44:38 America/Bogota] ✓ Conexión exitosa a MySQL
[05-Jan-2026 18:44:38 America/Bogota] ✓ Conexión exitosa a MySQL
[05-Jan-2026 18:44:39 America/Bogota] ✓ Conexión exitosa a MySQL
[05-Jan-2026 18:44:39 America/Bogota] ✓ Conexión exitosa a MySQL
[05-Jan-2026 18:44:39 America/Bogota] ✓ Conexión exitosa a MySQL
[05-Jan-2026 18:49:06 America/Bogota] ✓ Conexión exitosa a MySQL
[05-Jan-2026 18:49:06 America/Bogota] 📥 RAW INPUT RECIBIDO
[05-Jan-2026 18:49:06 America/Bogota] 📦 INPUT DECODIFICADO CORRECTAMENTE
[05-Jan-2026 18:49:06 America/Bogota] === CREAR COTIZACIÓN ===
[05-Jan-2026 18:49:06 America/Bogota] Máquina ID recibida: MAQ_002
[05-Jan-2026 18:49:06 America/Bogota] Nombre: Pulpo Esqueleto
[05-Jan-2026 18:49:06 America/Bogota] Peso: 113g
[05-Jan-2026 18:49:06 America/Bogota] Tiempo: 900 min
[05-Jan-2026 18:49:06 America/Bogota] 🆔 ID generado: 1767656946_58f94452d
[05-Jan-2026 18:49:06 America/Bogota] 🔄 Transacción iniciada
[05-Jan-2026 18:49:06 America/Bogota] ✅ Cotización insertada en BD
[05-Jan-2026 18:49:06 America/Bogota] ✅ Depreciación calculada: 4200 COP
[05-Jan-2026 18:49:06 America/Bogota]    Máquina: Ender 3 V3 SE #2 (MAQ_002)
[05-Jan-2026 18:49:06 America/Bogota]    Depreciación/hora: 280.0000 COP
[05-Jan-2026 18:49:06 America/Bogota]    Tiempo: 15 horas
[05-Jan-2026 18:49:07 America/Bogota] 💰 Cálculos completados
[05-Jan-2026 18:49:07 America/Bogota] ✅ Cálculos insertados en BD
[05-Jan-2026 18:49:07 America/Bogota] ✅ Transacción confirmada (COMMIT)
[05-Jan-2026 20:32:00 America/Bogota] ✓ Conexión exitosa a MySQL
[05-Jan-2026 20:32:00 America/Bogota] 📥 RAW INPUT RECIBIDO
[05-Jan-2026 20:32:00 America/Bogota] 📦 INPUT DECODIFICADO CORRECTAMENTE
[05-Jan-2026 20:32:00 America/Bogota] === CREAR COTIZACIÓN ===
[05-Jan-2026 20:32:00 America/Bogota] Máquina ID recibida: MAQ_002
[05-Jan-2026 20:32:00 America/Bogota] Nombre: Figura Link
[05-Jan-2026 20:32:00 America/Bogota] Peso: 35g
[05-Jan-2026 20:32:00 America/Bogota] Tiempo: 300 min
[05-Jan-2026 20:32:00 America/Bogota] 🆔 ID generado: 1767663120_319fa7bb9
[05-Jan-2026 20:32:00 America/Bogota] 🔄 Transacción iniciada
[05-Jan-2026 20:32:00 America/Bogota] ✅ Cotización insertada en BD
[05-Jan-2026 20:32:00 America/Bogota] ✅ Depreciación calculada: 1400 COP
[05-Jan-2026 20:32:00 America/Bogota]    Máquina: Ender 3 V3 SE #2 (MAQ_002)
[05-Jan-2026 20:32:00 America/Bogota]    Depreciación/hora: 280.0000 COP
[05-Jan-2026 20:32:00 America/Bogota]    Tiempo: 5 horas
[05-Jan-2026 20:32:00 America/Bogota] 💰 Cálculos completados
[05-Jan-2026 20:32:00 America/Bogota] ✅ Cálculos insertados en BD
[05-Jan-2026 20:32:00 America/Bogota] ✅ Transacción confirmada (COMMIT)
[05-Jan-2026 20:32:37 America/Bogota] ✓ Conexión exitosa a MySQL
[05-Jan-2026 20:32:37 America/Bogota] 📥 RAW INPUT RECIBIDO
[05-Jan-2026 20:32:37 America/Bogota] 📦 INPUT DECODIFICADO CORRECTAMENTE
[05-Jan-2026 20:32:37 America/Bogota] === CREAR COTIZACIÓN ===
[05-Jan-2026 20:32:37 America/Bogota] Máquina ID recibida: MAQ_002
[05-Jan-2026 20:32:37 America/Bogota] Nombre: Figura Link
[05-Jan-2026 20:32:37 America/Bogota] Peso: 35g
[05-Jan-2026 20:32:37 America/Bogota] Tiempo: 300 min
[05-Jan-2026 20:32:37 America/Bogota] 🆔 ID generado: 1767663157_52fe47b3f
[05-Jan-2026 20:32:37 America/Bogota] 🔄 Transacción iniciada
[05-Jan-2026 20:32:37 America/Bogota] ✅ Cotización insertada en BD
[05-Jan-2026 20:32:37 America/Bogota] ✅ Insumos de postprocesado guardados
[05-Jan-2026 20:32:37 America/Bogota] ✅ Depreciación calculada: 1400 COP
[05-Jan-2026 20:32:37 America/Bogota]    Máquina: Ender 3 V3 SE #2 (MAQ_002)
[05-Jan-2026 20:32:37 America/Bogota]    Depreciación/hora: 280.0000 COP
[05-Jan-2026 20:32:37 America/Bogota]    Tiempo: 5 horas
[05-Jan-2026 20:32:37 America/Bogota] 💰 Cálculos completados
[05-Jan-2026 20:32:37 America/Bogota] ✅ Cálculos insertados en BD
[05-Jan-2026 20:32:37 America/Bogota] ✅ Transacción confirmada (COMMIT)
[05-Jan-2026 20:37:38 America/Bogota] ✓ Conexión exitosa a MySQL
[05-Jan-2026 20:37:38 America/Bogota] 📥 RAW INPUT RECIBIDO
[05-Jan-2026 20:37:38 America/Bogota] 📦 INPUT DECODIFICADO CORRECTAMENTE
[05-Jan-2026 20:37:38 America/Bogota] === CREAR COTIZACIÓN ===
[05-Jan-2026 20:37:38 America/Bogota] Máquina ID recibida: MAQ_002
[05-Jan-2026 20:37:38 America/Bogota] Nombre: dragón articulado
[05-Jan-2026 20:37:38 America/Bogota] Peso: 32g
[05-Jan-2026 20:37:38 America/Bogota] Tiempo: 240 min
[05-Jan-2026 20:37:38 America/Bogota] 🆔 ID generado: 1767663458_ce16b0616
[05-Jan-2026 20:37:38 America/Bogota] 🔄 Transacción iniciada
[05-Jan-2026 20:37:38 America/Bogota] ✅ Cotización insertada en BD
[05-Jan-2026 20:37:38 America/Bogota] ✅ Depreciación calculada: 1120 COP
[05-Jan-2026 20:37:38 America/Bogota]    Máquina: Ender 3 V3 SE #2 (MAQ_002)
[05-Jan-2026 20:37:38 America/Bogota]    Depreciación/hora: 280.0000 COP
[05-Jan-2026 20:37:38 America/Bogota]    Tiempo: 4 horas
[05-Jan-2026 20:37:38 America/Bogota] 💰 Cálculos completados
[05-Jan-2026 20:37:38 America/Bogota] ✅ Cálculos insertados en BD
[05-Jan-2026 20:37:38 America/Bogota] ✅ Transacción confirmada (COMMIT)
[05-Jan-2026 20:40:06 America/Bogota] ✓ Conexión exitosa a MySQL
[05-Jan-2026 20:40:06 America/Bogota] ✓ Conexión exitosa a MySQL
[05-Jan-2026 20:40:09 America/Bogota] ✓ Conexión exitosa a MySQL
[05-Jan-2026 20:40:09 America/Bogota] ✓ Conexión exitosa a MySQL
[05-Jan-2026 20:40:16 America/Bogota] ✓ Conexión exitosa a MySQL
[05-Jan-2026 20:40:16 America/Bogota] ✓ Conexión exitosa a MySQL
[05-Jan-2026 20:40:17 America/Bogota] ✓ Conexión exitosa a MySQL
[05-Jan-2026 20:40:17 America/Bogota] ✓ Conexión exitosa a MySQL
[05-Jan-2026 20:48:41 America/Bogota] ✓ Conexión exitosa a MySQL
[05-Jan-2026 20:48:41 America/Bogota] 📥 RAW INPUT RECIBIDO
[05-Jan-2026 20:48:41 America/Bogota] 📦 INPUT DECODIFICADO CORRECTAMENTE
[05-Jan-2026 20:48:41 America/Bogota] === CREAR COTIZACIÓN ===
[05-Jan-2026 20:48:41 America/Bogota] Máquina ID recibida: MAQ_001
[05-Jan-2026 20:48:41 America/Bogota] Nombre: Tiburon Ballena
[05-Jan-2026 20:48:41 America/Bogota] Peso: 15g
[05-Jan-2026 20:48:41 America/Bogota] Tiempo: 70 min
[05-Jan-2026 20:48:41 America/Bogota] 🆔 ID generado: 1767664121_67fcd86f4
[05-Jan-2026 20:48:41 America/Bogota] 🔄 Transacción iniciada
[05-Jan-2026 20:48:41 America/Bogota] ✅ Cotización insertada en BD
[05-Jan-2026 20:48:41 America/Bogota] ✅ Depreciación calculada: 326.67 COP
[05-Jan-2026 20:48:41 America/Bogota]    Máquina: Ender 3 V3 SE #1 (MAQ_001)
[05-Jan-2026 20:48:41 America/Bogota]    Depreciación/hora: 280.0000 COP
[05-Jan-2026 20:48:41 America/Bogota]    Tiempo: 1.1666666666667 horas
[05-Jan-2026 20:48:41 America/Bogota] 💰 Cálculos completados
[05-Jan-2026 20:48:41 America/Bogota] ✅ Cálculos insertados en BD
[05-Jan-2026 20:48:41 America/Bogota] ✅ Transacción confirmada (COMMIT)
[05-Jan-2026 20:55:11 America/Bogota] ✓ Conexión exitosa a MySQL
[05-Jan-2026 20:55:11 America/Bogota] 📥 RAW INPUT RECIBIDO
[05-Jan-2026 20:55:11 America/Bogota] 📦 INPUT DECODIFICADO CORRECTAMENTE
[05-Jan-2026 20:55:11 America/Bogota] === CREAR COTIZACIÓN ===
[05-Jan-2026 20:55:11 America/Bogota] Máquina ID recibida: MAQ_003
[05-Jan-2026 20:55:11 America/Bogota] Nombre: Base carrito seguidor de linea
[05-Jan-2026 20:55:11 America/Bogota] Peso: 30g
[05-Jan-2026 20:55:11 America/Bogota] Tiempo: 113 min
[05-Jan-2026 20:55:11 America/Bogota] 🆔 ID generado: 1767664511_def61cc1d
[05-Jan-2026 20:55:11 America/Bogota] 🔄 Transacción iniciada
[05-Jan-2026 20:55:11 America/Bogota] ✅ Cotización insertada en BD
[05-Jan-2026 20:55:11 America/Bogota] ✅ Depreciación calculada: 715.67 COP
[05-Jan-2026 20:55:11 America/Bogota]    Máquina: Flashforge AD5X (MAQ_003)
[05-Jan-2026 20:55:11 America/Bogota]    Depreciación/hora: 380.0000 COP
[05-Jan-2026 20:55:11 America/Bogota]    Tiempo: 1.8833333333333 horas
[05-Jan-2026 20:55:11 America/Bogota] 💰 Cálculos completados
[05-Jan-2026 20:55:11 America/Bogota] ✅ Cálculos insertados en BD
[05-Jan-2026 20:55:11 America/Bogota] ✅ Transacción confirmada (COMMIT)
[05-Jan-2026 21:11:10 America/Bogota] ✓ Conexión exitosa a MySQL
[05-Jan-2026 21:11:10 America/Bogota] 📥 RAW INPUT RECIBIDO
[05-Jan-2026 21:11:10 America/Bogota] 📦 INPUT DECODIFICADO CORRECTAMENTE
[05-Jan-2026 21:11:10 America/Bogota] === CREAR COTIZACIÓN ===
[05-Jan-2026 21:11:10 America/Bogota] Máquina ID recibida: MAQ_003
[05-Jan-2026 21:11:10 America/Bogota] Nombre: Caramelo Rojo
[05-Jan-2026 21:11:10 America/Bogota] Peso: 5g
[05-Jan-2026 21:11:10 America/Bogota] Tiempo: 30 min
[05-Jan-2026 21:11:10 America/Bogota] 🆔 ID generado: 1767665470_08e96678f
[05-Jan-2026 21:11:10 America/Bogota] 🔄 Transacción iniciada
[05-Jan-2026 21:11:10 America/Bogota] ✅ Cotización insertada en BD
[05-Jan-2026 21:11:10 America/Bogota] ✅ Depreciación calculada: 190 COP
[05-Jan-2026 21:11:10 America/Bogota]    Máquina: Flashforge AD5X (MAQ_003)
[05-Jan-2026 21:11:10 America/Bogota]    Depreciación/hora: 380.0000 COP
[05-Jan-2026 21:11:10 America/Bogota]    Tiempo: 0.5 horas
[05-Jan-2026 21:11:10 America/Bogota] 💰 Cálculos completados
[05-Jan-2026 21:11:10 America/Bogota] ✅ Cálculos insertados en BD
[05-Jan-2026 21:11:10 America/Bogota] ✅ Transacción confirmada (COMMIT)
[05-Jan-2026 21:21:49 America/Bogota] ✓ Conexión exitosa a MySQL
[05-Jan-2026 21:21:49 America/Bogota] 📥 RAW INPUT RECIBIDO
[05-Jan-2026 21:21:49 America/Bogota] 📦 INPUT DECODIFICADO CORRECTAMENTE
[05-Jan-2026 21:21:49 America/Bogota] === CREAR COTIZACIÓN ===
[05-Jan-2026 21:21:49 America/Bogota] Máquina ID recibida: MAQ_003
[05-Jan-2026 21:21:49 America/Bogota] Nombre: codigo QR
[05-Jan-2026 21:21:49 America/Bogota] Peso: 30g
[05-Jan-2026 21:21:49 America/Bogota] Tiempo: 100 min
[05-Jan-2026 21:21:49 America/Bogota] 🆔 ID generado: 1767666109_25f344734
[05-Jan-2026 21:21:49 America/Bogota] 🔄 Transacción iniciada
[05-Jan-2026 21:21:49 America/Bogota] ✅ Cotización insertada en BD
[05-Jan-2026 21:21:49 America/Bogota] ✅ Depreciación calculada: 633.33 COP
[05-Jan-2026 21:21:49 America/Bogota]    Máquina: Flashforge AD5X (MAQ_003)
[05-Jan-2026 21:21:49 America/Bogota]    Depreciación/hora: 380.0000 COP
[05-Jan-2026 21:21:49 America/Bogota]    Tiempo: 1.6666666666667 horas
[05-Jan-2026 21:21:49 America/Bogota] 💰 Cálculos completados
[05-Jan-2026 21:21:49 America/Bogota] ✅ Cálculos insertados en BD
[05-Jan-2026 21:21:49 America/Bogota] ✅ Transacción confirmada (COMMIT)
[06-Jan-2026 11:15:36 America/Bogota] ✓ Conexión exitosa a MySQL
[06-Jan-2026 11:15:36 America/Bogota] ✓ Conexión exitosa a MySQL
[06-Jan-2026 11:15:38 America/Bogota] ✓ Conexión exitosa a MySQL
[06-Jan-2026 11:15:38 America/Bogota] ✓ Conexión exitosa a MySQL
[06-Jan-2026 11:15:46 America/Bogota] ✓ Conexión exitosa a MySQL
[06-Jan-2026 11:15:46 America/Bogota] ✓ Conexión exitosa a MySQL
[06-Jan-2026 11:15:46 America/Bogota] ✓ Conexión exitosa a MySQL
[06-Jan-2026 11:15:46 America/Bogota] ✓ Conexión exitosa a MySQL
[06-Jan-2026 11:15:46 America/Bogota] ✓ Conexión exitosa a MySQL
[06-Jan-2026 11:15:46 America/Bogota] ✓ Conexión exitosa a MySQL
[06-Jan-2026 11:15:47 America/Bogota] ✓ Conexión exitosa a MySQL
[06-Jan-2026 11:15:47 America/Bogota] ✓ Conexión exitosa a MySQL
[06-Jan-2026 11:16:54 America/Bogota] ✓ Conexión exitosa a MySQL
[06-Jan-2026 11:16:54 America/Bogota] 📥 RAW INPUT RECIBIDO
[06-Jan-2026 11:16:54 America/Bogota] 📦 INPUT DECODIFICADO CORRECTAMENTE
[06-Jan-2026 11:16:54 America/Bogota] === CREAR COTIZACIÓN ===
[06-Jan-2026 11:16:54 America/Bogota] Máquina ID recibida: MAQ_003
[06-Jan-2026 11:16:54 America/Bogota] Nombre: Porta cables
[06-Jan-2026 11:16:54 America/Bogota] Peso: 37g
[06-Jan-2026 11:16:54 America/Bogota] Tiempo: 90 min
[06-Jan-2026 11:16:54 America/Bogota] 🆔 ID generado: 1767716214_026462015
[06-Jan-2026 11:16:54 America/Bogota] 🔄 Transacción iniciada
[06-Jan-2026 11:16:54 America/Bogota] ✅ Cotización insertada en BD
[06-Jan-2026 11:16:54 America/Bogota] ✅ Depreciación calculada: 570 COP
[06-Jan-2026 11:16:54 America/Bogota]    Máquina: Flashforge AD5X (MAQ_003)
[06-Jan-2026 11:16:54 America/Bogota]    Depreciación/hora: 380.0000 COP
[06-Jan-2026 11:16:54 America/Bogota]    Tiempo: 1.5 horas
[06-Jan-2026 11:16:54 America/Bogota] 💰 Cálculos completados
[06-Jan-2026 11:16:54 America/Bogota] ✅ Cálculos insertados en BD
[06-Jan-2026 11:16:54 America/Bogota] ✅ Transacción confirmada (COMMIT)
[06-Jan-2026 11:25:21 America/Bogota] ✓ Conexión exitosa a MySQL
[06-Jan-2026 11:25:21 America/Bogota] 📥 RAW INPUT RECIBIDO
[06-Jan-2026 11:25:21 America/Bogota] 📦 INPUT DECODIFICADO CORRECTAMENTE
[06-Jan-2026 11:25:21 America/Bogota] === CREAR COTIZACIÓN ===
[06-Jan-2026 11:25:21 America/Bogota] Máquina ID recibida: MAQ_003
[06-Jan-2026 11:25:21 America/Bogota] Nombre: Dragon Esqueleto
[06-Jan-2026 11:25:21 America/Bogota] Peso: 11g
[06-Jan-2026 11:25:21 America/Bogota] Tiempo: 60 min
[06-Jan-2026 11:25:21 America/Bogota] 🆔 ID generado: 1767716721_dd5140640
[06-Jan-2026 11:25:21 America/Bogota] 🔄 Transacción iniciada
[06-Jan-2026 11:25:21 America/Bogota] ✅ Cotización insertada en BD
[06-Jan-2026 11:25:21 America/Bogota] ✅ Insumos de postprocesado guardados
[06-Jan-2026 11:25:21 America/Bogota] ✅ Depreciación calculada: 380 COP
[06-Jan-2026 11:25:21 America/Bogota]    Máquina: Flashforge AD5X (MAQ_003)
[06-Jan-2026 11:25:21 America/Bogota]    Depreciación/hora: 380.0000 COP
[06-Jan-2026 11:25:21 America/Bogota]    Tiempo: 1 horas
[06-Jan-2026 11:25:21 America/Bogota] 💰 Cálculos completados
[06-Jan-2026 11:25:21 America/Bogota] ✅ Cálculos insertados en BD
[06-Jan-2026 11:25:21 America/Bogota] ✅ Transacción confirmada (COMMIT)
[06-Jan-2026 12:42:54 America/Bogota] ✓ Conexión exitosa a MySQL
[06-Jan-2026 12:42:54 America/Bogota] 📥 RAW INPUT RECIBIDO
[06-Jan-2026 12:42:54 America/Bogota] 📦 INPUT DECODIFICADO CORRECTAMENTE
[06-Jan-2026 12:42:54 America/Bogota] === CREAR COTIZACIÓN ===
[06-Jan-2026 12:42:54 America/Bogota] Máquina ID recibida: MAQ_003
[06-Jan-2026 12:42:54 America/Bogota] Nombre: Dragon Esqueleto
[06-Jan-2026 12:42:54 America/Bogota] Peso: 19.9g
[06-Jan-2026 12:42:54 America/Bogota] Tiempo: 60 min
[06-Jan-2026 12:42:54 America/Bogota] 🆔 ID generado: 1767721374_462234242
[06-Jan-2026 12:42:54 America/Bogota] 🔄 Transacción iniciada
[06-Jan-2026 12:42:54 America/Bogota] ✅ Cotización insertada en BD
[06-Jan-2026 12:42:54 America/Bogota] ✅ Depreciación calculada: 380 COP
[06-Jan-2026 12:42:54 America/Bogota]    Máquina: Flashforge AD5X (MAQ_003)
[06-Jan-2026 12:42:54 America/Bogota]    Depreciación/hora: 380.0000 COP
[06-Jan-2026 12:42:54 America/Bogota]    Tiempo: 1 horas
[06-Jan-2026 12:42:54 America/Bogota] 💰 Cálculos completados
[06-Jan-2026 12:42:54 America/Bogota] ✅ Cálculos insertados en BD
[06-Jan-2026 12:42:54 America/Bogota] ✅ Transacción confirmada (COMMIT)
[06-Jan-2026 14:08:51 America/Bogota] ✓ Conexión exitosa a MySQL
[06-Jan-2026 14:08:51 America/Bogota] 📥 RAW INPUT RECIBIDO
[06-Jan-2026 14:08:51 America/Bogota] 📦 INPUT DECODIFICADO CORRECTAMENTE
[06-Jan-2026 14:08:51 America/Bogota] === CREAR COTIZACIÓN ===
[06-Jan-2026 14:08:51 America/Bogota] Máquina ID recibida: MAQ_003
[06-Jan-2026 14:08:51 America/Bogota] Nombre: Dummy 13 (20 cm)
[06-Jan-2026 14:08:51 America/Bogota] Peso: 142g
[06-Jan-2026 14:08:51 America/Bogota] Tiempo: 380 min
[06-Jan-2026 14:08:51 America/Bogota] 🆔 ID generado: 1767726531_c55f9a47f
[06-Jan-2026 14:08:51 America/Bogota] 🔄 Transacción iniciada
[06-Jan-2026 14:08:51 America/Bogota] ✅ Cotización insertada en BD
[06-Jan-2026 14:08:51 America/Bogota] ✅ Depreciación calculada: 2406.67 COP
[06-Jan-2026 14:08:51 America/Bogota]    Máquina: Flashforge AD5X (MAQ_003)
[06-Jan-2026 14:08:51 America/Bogota]    Depreciación/hora: 380.0000 COP
[06-Jan-2026 14:08:51 America/Bogota]    Tiempo: 6.3333333333333 horas
[06-Jan-2026 14:08:51 America/Bogota] 💰 Cálculos completados
[06-Jan-2026 14:08:51 America/Bogota] ✅ Cálculos insertados en BD
[06-Jan-2026 14:08:51 America/Bogota] ✅ Transacción confirmada (COMMIT)
[06-Jan-2026 14:12:20 America/Bogota] ✓ Conexión exitosa a MySQL
[06-Jan-2026 14:12:20 America/Bogota] 📥 RAW INPUT RECIBIDO
[06-Jan-2026 14:12:20 America/Bogota] 📦 INPUT DECODIFICADO CORRECTAMENTE
[06-Jan-2026 14:12:20 America/Bogota] === CREAR COTIZACIÓN ===
[06-Jan-2026 14:12:20 America/Bogota] Máquina ID recibida: MAQ_003
[06-Jan-2026 14:12:20 America/Bogota] Nombre: Dummy 13 (20 cm)
[06-Jan-2026 14:12:20 America/Bogota] Peso: 5g
[06-Jan-2026 14:12:20 America/Bogota] Tiempo: 22 min
[06-Jan-2026 14:12:20 America/Bogota] 🆔 ID generado: 1767726740_1f7b4ec32
[06-Jan-2026 14:12:20 America/Bogota] 🔄 Transacción iniciada
[06-Jan-2026 14:12:20 America/Bogota] ✅ Cotización insertada en BD
[06-Jan-2026 14:12:20 America/Bogota] ✅ Depreciación calculada: 139.33 COP
[06-Jan-2026 14:12:20 America/Bogota]    Máquina: Flashforge AD5X (MAQ_003)
[06-Jan-2026 14:12:20 America/Bogota]    Depreciación/hora: 380.0000 COP
[06-Jan-2026 14:12:20 America/Bogota]    Tiempo: 0.36666666666667 horas
[06-Jan-2026 14:12:20 America/Bogota] 💰 Cálculos completados
[06-Jan-2026 14:12:20 America/Bogota] ✅ Cálculos insertados en BD
[06-Jan-2026 14:12:20 America/Bogota] ✅ Transacción confirmada (COMMIT)
[06-Jan-2026 14:12:51 America/Bogota] ✓ Conexión exitosa a MySQL
[06-Jan-2026 14:12:51 America/Bogota] 📥 RAW INPUT RECIBIDO
[06-Jan-2026 14:12:51 America/Bogota] 📦 INPUT DECODIFICADO CORRECTAMENTE
[06-Jan-2026 14:12:51 America/Bogota] === CREAR COTIZACIÓN ===
[06-Jan-2026 14:12:51 America/Bogota] Máquina ID recibida: MAQ_003
[06-Jan-2026 14:12:51 America/Bogota] Nombre: strawberry
[06-Jan-2026 14:12:51 America/Bogota] Peso: 5g
[06-Jan-2026 14:12:51 America/Bogota] Tiempo: 22 min
[06-Jan-2026 14:12:51 America/Bogota] 🆔 ID generado: 1767726771_79556e46a
[06-Jan-2026 14:12:51 America/Bogota] 🔄 Transacción iniciada
[06-Jan-2026 14:12:51 America/Bogota] ✅ Cotización insertada en BD
[06-Jan-2026 14:12:51 America/Bogota] ✅ Depreciación calculada: 139.33 COP
[06-Jan-2026 14:12:51 America/Bogota]    Máquina: Flashforge AD5X (MAQ_003)
[06-Jan-2026 14:12:51 America/Bogota]    Depreciación/hora: 380.0000 COP
[06-Jan-2026 14:12:51 America/Bogota]    Tiempo: 0.36666666666667 horas
[06-Jan-2026 14:12:51 America/Bogota] 💰 Cálculos completados
[06-Jan-2026 14:12:51 America/Bogota] ✅ Cálculos insertados en BD
[06-Jan-2026 14:12:51 America/Bogota] ✅ Transacción confirmada (COMMIT)
[14-Jan-2026 17:23:32 America/Bogota] ✓ Conexión exitosa a MySQL
[14-Jan-2026 17:23:32 America/Bogota] ✓ Conexión exitosa a MySQL
[14-Jan-2026 17:23:36 America/Bogota] ✓ Conexión exitosa a MySQL
[14-Jan-2026 17:23:36 America/Bogota] ✓ Conexión exitosa a MySQL
[14-Jan-2026 17:23:38 America/Bogota] ✓ Conexión exitosa a MySQL
[14-Jan-2026 17:23:38 America/Bogota] ✓ Conexión exitosa a MySQL
[14-Jan-2026 17:23:38 America/Bogota] ✓ Conexión exitosa a MySQL
[14-Jan-2026 17:23:38 America/Bogota] ✓ Conexión exitosa a MySQL
[14-Jan-2026 17:23:38 America/Bogota] ✓ Conexión exitosa a MySQL
[14-Jan-2026 17:23:39 America/Bogota] ✓ Conexión exitosa a MySQL
[14-Jan-2026 17:23:39 America/Bogota] ✓ Conexión exitosa a MySQL
[14-Jan-2026 17:23:39 America/Bogota] ✓ Conexión exitosa a MySQL
[14-Jan-2026 17:25:05 America/Bogota] ✓ Conexión exitosa a MySQL
[14-Jan-2026 17:25:05 America/Bogota] 📥 RAW INPUT RECIBIDO
[14-Jan-2026 17:25:05 America/Bogota] 📦 INPUT DECODIFICADO CORRECTAMENTE
[14-Jan-2026 17:25:05 America/Bogota] === CREAR COTIZACIÓN ===
[14-Jan-2026 17:25:05 America/Bogota] Máquina ID recibida: MAQ_003
[14-Jan-2026 17:25:05 America/Bogota] Nombre: Pieza sin nombre
[14-Jan-2026 17:25:05 America/Bogota] Peso: 60g
[14-Jan-2026 17:25:05 America/Bogota] Tiempo: 218 min
[14-Jan-2026 17:25:05 America/Bogota] 🆔 ID generado: 1768429505_d9e215568
[14-Jan-2026 17:25:05 America/Bogota] 🔄 Transacción iniciada
[14-Jan-2026 17:25:05 America/Bogota] ✅ Cotización insertada en BD
[14-Jan-2026 17:25:05 America/Bogota] ✅ Depreciación calculada: 1380.67 COP
[14-Jan-2026 17:25:05 America/Bogota]    Máquina: Flashforge AD5X (MAQ_003)
[14-Jan-2026 17:25:05 America/Bogota]    Depreciación/hora: 380.0000 COP
[14-Jan-2026 17:25:05 America/Bogota]    Tiempo: 3.6333333333333 horas
[14-Jan-2026 17:25:05 America/Bogota] 💰 Cálculos completados
[14-Jan-2026 17:25:05 America/Bogota] ✅ Cálculos insertados en BD
[14-Jan-2026 17:25:05 America/Bogota] ✅ Transacción confirmada (COMMIT)
[14-Jan-2026 17:52:25 America/Bogota] ✓ Conexión exitosa a MySQL
[14-Jan-2026 17:52:25 America/Bogota] 📥 RAW INPUT RECIBIDO
[14-Jan-2026 17:52:25 America/Bogota] 📦 INPUT DECODIFICADO CORRECTAMENTE
[14-Jan-2026 17:52:25 America/Bogota] === CREAR COTIZACIÓN ===
[14-Jan-2026 17:52:25 America/Bogota] Máquina ID recibida: MAQ_003
[14-Jan-2026 17:52:25 America/Bogota] Nombre: Pieza sin nombre
[14-Jan-2026 17:52:25 America/Bogota] Peso: 160g
[14-Jan-2026 17:52:25 America/Bogota] Tiempo: 263 min
[14-Jan-2026 17:52:25 America/Bogota] 🆔 ID generado: 1768431145_3488c0fe2
[14-Jan-2026 17:52:25 America/Bogota] 🔄 Transacción iniciada
[14-Jan-2026 17:52:25 America/Bogota] ✅ Cotización insertada en BD
[14-Jan-2026 17:52:25 America/Bogota] ✅ Depreciación calculada: 1665.67 COP
[14-Jan-2026 17:52:25 America/Bogota]    Máquina: Flashforge AD5X (MAQ_003)
[14-Jan-2026 17:52:25 America/Bogota]    Depreciación/hora: 380.0000 COP
[14-Jan-2026 17:52:25 America/Bogota]    Tiempo: 4.3833333333333 horas
[14-Jan-2026 17:52:25 America/Bogota] 💰 Cálculos completados
[14-Jan-2026 17:52:25 America/Bogota] ✅ Cálculos insertados en BD
[14-Jan-2026 17:52:25 America/Bogota] ✅ Transacción confirmada (COMMIT)
[14-Jan-2026 17:52:51 America/Bogota] ✓ Conexión exitosa a MySQL
[14-Jan-2026 17:52:51 America/Bogota] 📥 RAW INPUT RECIBIDO
[14-Jan-2026 17:52:51 America/Bogota] 📦 INPUT DECODIFICADO CORRECTAMENTE
[14-Jan-2026 17:52:51 America/Bogota] === CREAR COTIZACIÓN ===
[14-Jan-2026 17:52:51 America/Bogota] Máquina ID recibida: MAQ_003
[14-Jan-2026 17:52:51 America/Bogota] Nombre: Pieza sin nombre
[14-Jan-2026 17:52:51 America/Bogota] Peso: 160g
[14-Jan-2026 17:52:51 America/Bogota] Tiempo: 263 min
[14-Jan-2026 17:52:51 America/Bogota] 🆔 ID generado: 1768431171_397ae24d3
[14-Jan-2026 17:52:51 America/Bogota] 🔄 Transacción iniciada
[14-Jan-2026 17:52:51 America/Bogota] ✅ Cotización insertada en BD
[14-Jan-2026 17:52:51 America/Bogota] ✅ Depreciación calculada: 1665.67 COP
[14-Jan-2026 17:52:51 America/Bogota]    Máquina: Flashforge AD5X (MAQ_003)
[14-Jan-2026 17:52:51 America/Bogota]    Depreciación/hora: 380.0000 COP
[14-Jan-2026 17:52:51 America/Bogota]    Tiempo: 4.3833333333333 horas
[14-Jan-2026 17:52:51 America/Bogota] 💰 Cálculos completados
[14-Jan-2026 17:52:51 America/Bogota] ✅ Cálculos insertados en BD
[14-Jan-2026 17:52:51 America/Bogota] ✅ Transacción confirmada (COMMIT)
[14-Jan-2026 17:54:57 America/Bogota] ✓ Conexión exitosa a MySQL
[14-Jan-2026 17:54:57 America/Bogota] 📥 RAW INPUT RECIBIDO
[14-Jan-2026 17:54:57 America/Bogota] 📦 INPUT DECODIFICADO CORRECTAMENTE
[14-Jan-2026 17:54:57 America/Bogota] === CREAR COTIZACIÓN ===
[14-Jan-2026 17:54:57 America/Bogota] Máquina ID recibida: MAQ_003
[14-Jan-2026 17:54:57 America/Bogota] Nombre: Pieza sin nombre
[14-Jan-2026 17:54:57 America/Bogota] Peso: 116g
[14-Jan-2026 17:54:57 America/Bogota] Tiempo: 240 min
[14-Jan-2026 17:54:57 America/Bogota] 🆔 ID generado: 1768431297_9f41d4a20
[14-Jan-2026 17:54:57 America/Bogota] 🔄 Transacción iniciada
[14-Jan-2026 17:54:57 America/Bogota] ✅ Cotización insertada en BD
[14-Jan-2026 17:54:57 America/Bogota] ✅ Depreciación calculada: 1520 COP
[14-Jan-2026 17:54:57 America/Bogota]    Máquina: Flashforge AD5X (MAQ_003)
[14-Jan-2026 17:54:57 America/Bogota]    Depreciación/hora: 380.0000 COP
[14-Jan-2026 17:54:57 America/Bogota]    Tiempo: 4 horas
[14-Jan-2026 17:54:57 America/Bogota] 💰 Cálculos completados
[14-Jan-2026 17:54:57 America/Bogota] ✅ Cálculos insertados en BD
[14-Jan-2026 17:54:57 America/Bogota] ✅ Transacción confirmada (COMMIT)
[06-Feb-2026 17:23:44 America/Bogota] ✓ Conexión exitosa a MySQL
[06-Feb-2026 17:23:44 America/Bogota] ✓ Conexión exitosa a MySQL
[06-Feb-2026 17:23:47 America/Bogota] ✓ Conexión exitosa a MySQL
[06-Feb-2026 17:23:47 America/Bogota] ✓ Conexión exitosa a MySQL
[06-Feb-2026 17:24:09 America/Bogota] ✓ Conexión exitosa a MySQL
[06-Feb-2026 17:24:09 America/Bogota] ✓ Conexión exitosa a MySQL
[06-Feb-2026 17:24:09 America/Bogota] ✓ Conexión exitosa a MySQL
[06-Feb-2026 17:24:09 America/Bogota] ✓ Conexión exitosa a MySQL
[06-Feb-2026 17:24:09 America/Bogota] ✓ Conexión exitosa a MySQL
[06-Feb-2026 17:24:10 America/Bogota] ✓ Conexión exitosa a MySQL
[06-Feb-2026 17:24:10 America/Bogota] ✓ Conexión exitosa a MySQL
[06-Feb-2026 17:24:10 America/Bogota] ✓ Conexión exitosa a MySQL
[06-Feb-2026 17:26:11 America/Bogota] ✓ Conexión exitosa a MySQL
[06-Feb-2026 17:26:11 America/Bogota] 📥 RAW INPUT RECIBIDO
[06-Feb-2026 17:26:11 America/Bogota] 📦 INPUT DECODIFICADO CORRECTAMENTE
[06-Feb-2026 17:26:11 America/Bogota] === CREAR COTIZACIÓN ===
[06-Feb-2026 17:26:11 America/Bogota] Máquina ID recibida: MAQ_003
[06-Feb-2026 17:26:11 America/Bogota] Nombre: Base Hotwheels
[06-Feb-2026 17:26:11 America/Bogota] Peso: 10g
[06-Feb-2026 17:26:11 America/Bogota] Tiempo: 55 min
[06-Feb-2026 17:26:11 America/Bogota] 🆔 ID generado: 1770416771_cc6bb013f
[06-Feb-2026 17:26:11 America/Bogota] 🔄 Transacción iniciada
[06-Feb-2026 17:26:11 America/Bogota] ✅ Cotización insertada en BD
[06-Feb-2026 17:26:11 America/Bogota] ✅ Depreciación calculada: 348.33 COP
[06-Feb-2026 17:26:11 America/Bogota]    Máquina: Flashforge AD5X (MAQ_003)
[06-Feb-2026 17:26:11 America/Bogota]    Depreciación/hora: 380.0000 COP
[06-Feb-2026 17:26:11 America/Bogota]    Tiempo: 0.91666666666667 horas
[06-Feb-2026 17:26:11 America/Bogota] 💰 Cálculos completados
[06-Feb-2026 17:26:11 America/Bogota] ✅ Cálculos insertados en BD
[06-Feb-2026 17:26:11 America/Bogota] ✅ Transacción confirmada (COMMIT)
[06-Feb-2026 17:30:23 America/Bogota] ✓ Conexión exitosa a MySQL
[06-Feb-2026 17:30:23 America/Bogota] 📥 RAW INPUT RECIBIDO
[06-Feb-2026 17:30:23 America/Bogota] 📦 INPUT DECODIFICADO CORRECTAMENTE
[06-Feb-2026 17:30:23 America/Bogota] === CREAR COTIZACIÓN ===
[06-Feb-2026 17:30:23 America/Bogota] Máquina ID recibida: MAQ_003
[06-Feb-2026 17:30:23 America/Bogota] Nombre: sit Mundus Creatus
[06-Feb-2026 17:30:23 America/Bogota] Peso: 65g
[06-Feb-2026 17:30:23 America/Bogota] Tiempo: 135 min
[06-Feb-2026 17:30:23 America/Bogota] 🆔 ID generado: 1770417023_82bc57bf4
[06-Feb-2026 17:30:23 America/Bogota] 🔄 Transacción iniciada
[06-Feb-2026 17:30:23 America/Bogota] ✅ Cotización insertada en BD
[06-Feb-2026 17:30:23 America/Bogota] ✅ Depreciación calculada: 855 COP
[06-Feb-2026 17:30:23 America/Bogota]    Máquina: Flashforge AD5X (MAQ_003)
[06-Feb-2026 17:30:23 America/Bogota]    Depreciación/hora: 380.0000 COP
[06-Feb-2026 17:30:23 America/Bogota]    Tiempo: 2.25 horas
[06-Feb-2026 17:30:23 America/Bogota] 💰 Cálculos completados
[06-Feb-2026 17:30:23 America/Bogota] ✅ Cálculos insertados en BD
[06-Feb-2026 17:30:23 America/Bogota] ✅ Transacción confirmada (COMMIT)
[06-Feb-2026 17:39:40 America/Bogota] ✓ Conexión exitosa a MySQL
[06-Feb-2026 17:39:40 America/Bogota] 📥 RAW INPUT RECIBIDO
[06-Feb-2026 17:39:40 America/Bogota] 📦 INPUT DECODIFICADO CORRECTAMENTE
[06-Feb-2026 17:39:40 America/Bogota] === CREAR COTIZACIÓN ===
[06-Feb-2026 17:39:40 America/Bogota] Máquina ID recibida: MAQ_003
[06-Feb-2026 17:39:40 America/Bogota] Nombre: Sharingan Coasters
[06-Feb-2026 17:39:40 America/Bogota] Peso: 170g
[06-Feb-2026 17:39:40 America/Bogota] Tiempo: 375 min
[06-Feb-2026 17:39:40 America/Bogota] 🆔 ID generado: 1770417580_37f65227c
[06-Feb-2026 17:39:40 America/Bogota] 🔄 Transacción iniciada
[06-Feb-2026 17:39:40 America/Bogota] ✅ Cotización insertada en BD
[06-Feb-2026 17:39:40 America/Bogota] ✅ Depreciación calculada: 2375 COP
[06-Feb-2026 17:39:40 America/Bogota]    Máquina: Flashforge AD5X (MAQ_003)
[06-Feb-2026 17:39:40 America/Bogota]    Depreciación/hora: 380.0000 COP
[06-Feb-2026 17:39:40 America/Bogota]    Tiempo: 6.25 horas
[06-Feb-2026 17:39:40 America/Bogota] 💰 Cálculos completados
[06-Feb-2026 17:39:40 America/Bogota] ✅ Cálculos insertados en BD
[06-Feb-2026 17:39:40 America/Bogota] ✅ Transacción confirmada (COMMIT)
[06-Feb-2026 17:45:10 America/Bogota] ✓ Conexión exitosa a MySQL
[06-Feb-2026 17:45:10 America/Bogota] 📥 RAW INPUT RECIBIDO
[06-Feb-2026 17:45:10 America/Bogota] 📦 INPUT DECODIFICADO CORRECTAMENTE
[06-Feb-2026 17:45:10 America/Bogota] === CREAR COTIZACIÓN ===
[06-Feb-2026 17:45:10 America/Bogota] Máquina ID recibida: MAQ_003
[06-Feb-2026 17:45:10 America/Bogota] Nombre: Outsider coaster
[06-Feb-2026 17:45:10 America/Bogota] Peso: 23g
[06-Feb-2026 17:45:10 America/Bogota] Tiempo: 50 min
[06-Feb-2026 17:45:10 America/Bogota] 🆔 ID generado: 1770417910_0367a91a6
[06-Feb-2026 17:45:10 America/Bogota] 🔄 Transacción iniciada
[06-Feb-2026 17:45:10 America/Bogota] ✅ Cotización insertada en BD
[06-Feb-2026 17:45:10 America/Bogota] ✅ Depreciación calculada: 316.67 COP
[06-Feb-2026 17:45:10 America/Bogota]    Máquina: Flashforge AD5X (MAQ_003)
[06-Feb-2026 17:45:10 America/Bogota]    Depreciación/hora: 380.0000 COP
[06-Feb-2026 17:45:10 America/Bogota]    Tiempo: 0.83333333333333 horas
[06-Feb-2026 17:45:10 America/Bogota] 💰 Cálculos completados
[06-Feb-2026 17:45:10 America/Bogota] ✅ Cálculos insertados en BD
[06-Feb-2026 17:45:10 America/Bogota] ✅ Transacción confirmada (COMMIT)
[06-Feb-2026 17:52:17 America/Bogota] ✓ Conexión exitosa a MySQL
[06-Feb-2026 17:52:17 America/Bogota] 📥 RAW INPUT RECIBIDO
[06-Feb-2026 17:52:17 America/Bogota] 📦 INPUT DECODIFICADO CORRECTAMENTE
[06-Feb-2026 17:52:17 America/Bogota] === CREAR COTIZACIÓN ===
[06-Feb-2026 17:52:17 America/Bogota] Máquina ID recibida: MAQ_003
[06-Feb-2026 17:52:17 America/Bogota] Nombre: book Display
[06-Feb-2026 17:52:17 America/Bogota] Peso: 46g
[06-Feb-2026 17:52:17 America/Bogota] Tiempo: 170 min
[06-Feb-2026 17:52:17 America/Bogota] 🆔 ID generado: 1770418337_401f0746d
[06-Feb-2026 17:52:17 America/Bogota] 🔄 Transacción iniciada
[06-Feb-2026 17:52:17 America/Bogota] ✅ Cotización insertada en BD
[06-Feb-2026 17:52:18 America/Bogota] ✅ Depreciación calculada: 1076.67 COP
[06-Feb-2026 17:52:18 America/Bogota]    Máquina: Flashforge AD5X (MAQ_003)
[06-Feb-2026 17:52:18 America/Bogota]    Depreciación/hora: 380.0000 COP
[06-Feb-2026 17:52:18 America/Bogota]    Tiempo: 2.8333333333333 horas
[06-Feb-2026 17:52:18 America/Bogota] 💰 Cálculos completados
[06-Feb-2026 17:52:18 America/Bogota] ✅ Cálculos insertados en BD
[06-Feb-2026 17:52:18 America/Bogota] ✅ Transacción confirmada (COMMIT)
[06-Feb-2026 18:00:22 America/Bogota] ✓ Conexión exitosa a MySQL
[06-Feb-2026 18:00:22 America/Bogota] 📥 RAW INPUT RECIBIDO
[06-Feb-2026 18:00:22 America/Bogota] 📦 INPUT DECODIFICADO CORRECTAMENTE
[06-Feb-2026 18:00:22 America/Bogota] === CREAR COTIZACIÓN ===
[06-Feb-2026 18:00:22 America/Bogota] Máquina ID recibida: MAQ_003
[06-Feb-2026 18:00:22 America/Bogota] Nombre: hot whells container
[06-Feb-2026 18:00:22 America/Bogota] Peso: 40g
[06-Feb-2026 18:00:22 America/Bogota] Tiempo: 125 min
[06-Feb-2026 18:00:22 America/Bogota] 🆔 ID generado: 1770418822_d47727077
[06-Feb-2026 18:00:22 America/Bogota] 🔄 Transacción iniciada
[06-Feb-2026 18:00:22 America/Bogota] ✅ Cotización insertada en BD
[06-Feb-2026 18:00:22 America/Bogota] ✅ Depreciación calculada: 791.67 COP
[06-Feb-2026 18:00:22 America/Bogota]    Máquina: Flashforge AD5X (MAQ_003)
[06-Feb-2026 18:00:22 America/Bogota]    Depreciación/hora: 380.0000 COP
[06-Feb-2026 18:00:22 America/Bogota]    Tiempo: 2.0833333333333 horas
[06-Feb-2026 18:00:22 America/Bogota] 💰 Cálculos completados
[06-Feb-2026 18:00:22 America/Bogota] ✅ Cálculos insertados en BD
[06-Feb-2026 18:00:22 America/Bogota] ✅ Transacción confirmada (COMMIT)
[06-Feb-2026 18:03:34 America/Bogota] ✓ Conexión exitosa a MySQL
[06-Feb-2026 18:03:34 America/Bogota] 📥 RAW INPUT RECIBIDO
[06-Feb-2026 18:03:34 America/Bogota] 📦 INPUT DECODIFICADO CORRECTAMENTE
[06-Feb-2026 18:03:34 America/Bogota] === CREAR COTIZACIÓN ===
[06-Feb-2026 18:03:34 America/Bogota] Máquina ID recibida: MAQ_003
[06-Feb-2026 18:03:34 America/Bogota] Nombre: hot whells container
[06-Feb-2026 18:03:34 America/Bogota] Peso: 20g
[06-Feb-2026 18:03:34 America/Bogota] Tiempo: 120 min
[06-Feb-2026 18:03:34 America/Bogota] 🆔 ID generado: 1770419014_ce685ccf2
[06-Feb-2026 18:03:34 America/Bogota] 🔄 Transacción iniciada
[06-Feb-2026 18:03:34 America/Bogota] ✅ Cotización insertada en BD
[06-Feb-2026 18:03:34 America/Bogota] ✅ Depreciación calculada: 760 COP
[06-Feb-2026 18:03:34 America/Bogota]    Máquina: Flashforge AD5X (MAQ_003)
[06-Feb-2026 18:03:34 America/Bogota]    Depreciación/hora: 380.0000 COP
[06-Feb-2026 18:03:34 America/Bogota]    Tiempo: 2 horas
[06-Feb-2026 18:03:34 America/Bogota] 💰 Cálculos completados
[06-Feb-2026 18:03:34 America/Bogota] ✅ Cálculos insertados en BD
[06-Feb-2026 18:03:34 America/Bogota] ✅ Transacción confirmada (COMMIT)
[06-Feb-2026 18:09:48 America/Bogota] ✓ Conexión exitosa a MySQL
[06-Feb-2026 18:09:48 America/Bogota] 📥 RAW INPUT RECIBIDO
[06-Feb-2026 18:09:48 America/Bogota] 📦 INPUT DECODIFICADO CORRECTAMENTE
[06-Feb-2026 18:09:48 America/Bogota] === CREAR COTIZACIÓN ===
[06-Feb-2026 18:09:48 America/Bogota] Máquina ID recibida: MAQ_003
[06-Feb-2026 18:09:48 America/Bogota] Nombre: Soporte Assasin cred
[06-Feb-2026 18:09:48 America/Bogota] Peso: 210g
[06-Feb-2026 18:09:48 America/Bogota] Tiempo: 311 min
[06-Feb-2026 18:09:48 America/Bogota] 🆔 ID generado: 1770419388_300d12bee
[06-Feb-2026 18:09:48 America/Bogota] 🔄 Transacción iniciada
[06-Feb-2026 18:09:48 America/Bogota] ✅ Cotización insertada en BD
[06-Feb-2026 18:09:48 America/Bogota] ✅ Depreciación calculada: 1969.67 COP
[06-Feb-2026 18:09:48 America/Bogota]    Máquina: Flashforge AD5X (MAQ_003)
[06-Feb-2026 18:09:48 America/Bogota]    Depreciación/hora: 380.0000 COP
[06-Feb-2026 18:09:48 America/Bogota]    Tiempo: 5.1833333333333 horas
[06-Feb-2026 18:09:48 America/Bogota] 💰 Cálculos completados
[06-Feb-2026 18:09:48 America/Bogota] ✅ Cálculos insertados en BD
[06-Feb-2026 18:09:48 America/Bogota] ✅ Transacción confirmada (COMMIT)
[06-Feb-2026 18:11:08 America/Bogota] ✓ Conexión exitosa a MySQL
[06-Feb-2026 18:11:08 America/Bogota] 📥 RAW INPUT RECIBIDO
[06-Feb-2026 18:11:08 America/Bogota] 📦 INPUT DECODIFICADO CORRECTAMENTE
[06-Feb-2026 18:11:08 America/Bogota] === CREAR COTIZACIÓN ===
[06-Feb-2026 18:11:08 America/Bogota] Máquina ID recibida: MAQ_003
[06-Feb-2026 18:11:08 America/Bogota] Nombre: Soporte Assasin cred
[06-Feb-2026 18:11:08 America/Bogota] Peso: 234g
[06-Feb-2026 18:11:08 America/Bogota] Tiempo: 370 min
[06-Feb-2026 18:11:08 America/Bogota] 🆔 ID generado: 1770419468_a175e2098
[06-Feb-2026 18:11:08 America/Bogota] 🔄 Transacción iniciada
[06-Feb-2026 18:11:08 America/Bogota] ✅ Cotización insertada en BD
[06-Feb-2026 18:11:08 America/Bogota] ✅ Depreciación calculada: 2343.33 COP
[06-Feb-2026 18:11:08 America/Bogota]    Máquina: Flashforge AD5X (MAQ_003)
[06-Feb-2026 18:11:08 America/Bogota]    Depreciación/hora: 380.0000 COP
[06-Feb-2026 18:11:08 America/Bogota]    Tiempo: 6.1666666666667 horas
[06-Feb-2026 18:11:08 America/Bogota] 💰 Cálculos completados
[06-Feb-2026 18:11:08 America/Bogota] ✅ Cálculos insertados en BD
[06-Feb-2026 18:11:08 America/Bogota] ✅ Transacción confirmada (COMMIT)
[08-Feb-2026 10:32:22 America/Bogota] ✓ Conexión exitosa a MySQL
[08-Feb-2026 10:32:22 America/Bogota] ✓ Conexión exitosa a MySQL
[08-Feb-2026 10:32:25 America/Bogota] ✓ Conexión exitosa a MySQL
[08-Feb-2026 10:32:25 America/Bogota] ✓ Conexión exitosa a MySQL
[08-Feb-2026 10:32:39 America/Bogota] ✓ Conexión exitosa a MySQL
[08-Feb-2026 10:32:39 America/Bogota] ✓ Conexión exitosa a MySQL
[08-Feb-2026 10:32:39 America/Bogota] ✓ Conexión exitosa a MySQL
[08-Feb-2026 10:32:39 America/Bogota] ✓ Conexión exitosa a MySQL
[08-Feb-2026 10:32:39 America/Bogota] ✓ Conexión exitosa a MySQL
[08-Feb-2026 10:32:40 America/Bogota] ✓ Conexión exitosa a MySQL
[08-Feb-2026 10:32:40 America/Bogota] ✓ Conexión exitosa a MySQL
[08-Feb-2026 10:32:40 America/Bogota] ✓ Conexión exitosa a MySQL
[08-Feb-2026 10:37:57 America/Bogota] ✓ Conexión exitosa a MySQL
[08-Feb-2026 10:37:57 America/Bogota] 📥 RAW INPUT RECIBIDO
[08-Feb-2026 10:37:57 America/Bogota] 📦 INPUT DECODIFICADO CORRECTAMENTE
[08-Feb-2026 10:37:57 America/Bogota] === CREAR COTIZACIÓN ===
[08-Feb-2026 10:37:57 America/Bogota] Máquina ID recibida: MAQ_003
[08-Feb-2026 10:37:57 America/Bogota] Nombre: torre arasaka
[08-Feb-2026 10:37:57 America/Bogota] Peso: 175g
[08-Feb-2026 10:37:57 America/Bogota] Tiempo: 330 min
[08-Feb-2026 10:37:57 America/Bogota] 🆔 ID generado: 1770565077_47972ec71
[08-Feb-2026 10:37:57 America/Bogota] 🔄 Transacción iniciada
[08-Feb-2026 10:37:57 America/Bogota] ✅ Cotización insertada en BD
[08-Feb-2026 10:37:57 America/Bogota] ✅ Depreciación calculada: 2090 COP
[08-Feb-2026 10:37:57 America/Bogota]    Máquina: Flashforge AD5X (MAQ_003)
[08-Feb-2026 10:37:57 America/Bogota]    Depreciación/hora: 380.0000 COP
[08-Feb-2026 10:37:57 America/Bogota]    Tiempo: 5.5 horas
[08-Feb-2026 10:37:57 America/Bogota] 💰 Cálculos completados
[08-Feb-2026 10:37:57 America/Bogota] ✅ Cálculos insertados en BD
[08-Feb-2026 10:37:57 America/Bogota] ✅ Transacción confirmada (COMMIT)
[08-Feb-2026 10:38:22 America/Bogota] ✓ Conexión exitosa a MySQL
[08-Feb-2026 10:38:22 America/Bogota] 📥 RAW INPUT RECIBIDO
[08-Feb-2026 10:38:22 America/Bogota] 📦 INPUT DECODIFICADO CORRECTAMENTE
[08-Feb-2026 10:38:22 America/Bogota] === CREAR COTIZACIÓN ===
[08-Feb-2026 10:38:22 America/Bogota] Máquina ID recibida: MAQ_003
[08-Feb-2026 10:38:22 America/Bogota] Nombre: torre arasaka
[08-Feb-2026 10:38:22 America/Bogota] Peso: 175g
[08-Feb-2026 10:38:22 America/Bogota] Tiempo: 330 min
[08-Feb-2026 10:38:22 America/Bogota] 🆔 ID generado: 1770565102_5577b1e47
[08-Feb-2026 10:38:22 America/Bogota] 🔄 Transacción iniciada
[08-Feb-2026 10:38:22 America/Bogota] ✅ Cotización insertada en BD
[08-Feb-2026 10:38:22 America/Bogota] ✅ Depreciación calculada: 2090 COP
[08-Feb-2026 10:38:22 America/Bogota]    Máquina: Flashforge AD5X (MAQ_003)
[08-Feb-2026 10:38:22 America/Bogota]    Depreciación/hora: 380.0000 COP
[08-Feb-2026 10:38:22 America/Bogota]    Tiempo: 5.5 horas
[08-Feb-2026 10:38:22 America/Bogota] 💰 Cálculos completados
[08-Feb-2026 10:38:22 America/Bogota] ✅ Cálculos insertados en BD
[08-Feb-2026 10:38:22 America/Bogota] ✅ Transacción confirmada (COMMIT)
[13-Feb-2026 17:13:39 America/Bogota] ✓ Conexión exitosa a MySQL
[13-Feb-2026 17:13:39 America/Bogota] ✓ Conexión exitosa a MySQL
[13-Feb-2026 17:13:43 America/Bogota] ✓ Conexión exitosa a MySQL
[13-Feb-2026 17:13:43 America/Bogota] ✓ Conexión exitosa a MySQL
[13-Feb-2026 17:13:56 America/Bogota] ✓ Conexión exitosa a MySQL
[13-Feb-2026 17:13:56 America/Bogota] ✓ Conexión exitosa a MySQL
[13-Feb-2026 17:13:56 America/Bogota] ✓ Conexión exitosa a MySQL
[13-Feb-2026 17:13:56 America/Bogota] ✓ Conexión exitosa a MySQL
[13-Feb-2026 17:13:56 America/Bogota] ✓ Conexión exitosa a MySQL
[13-Feb-2026 17:13:57 America/Bogota] ✓ Conexión exitosa a MySQL
[13-Feb-2026 17:13:57 America/Bogota] ✓ Conexión exitosa a MySQL
[13-Feb-2026 17:13:58 America/Bogota] ✓ Conexión exitosa a MySQL
[13-Feb-2026 17:17:36 America/Bogota] ✓ Conexión exitosa a MySQL
[13-Feb-2026 17:17:36 America/Bogota] 📥 RAW INPUT RECIBIDO
[13-Feb-2026 17:17:36 America/Bogota] 📦 INPUT DECODIFICADO CORRECTAMENTE
[13-Feb-2026 17:17:36 America/Bogota] === CREAR COTIZACIÓN ===
[13-Feb-2026 17:17:36 America/Bogota] Máquina ID recibida: MAQ_003
[13-Feb-2026 17:17:36 America/Bogota] Nombre: Evoker persona 3
[13-Feb-2026 17:17:36 America/Bogota] Peso: 110g
[13-Feb-2026 17:17:36 America/Bogota] Tiempo: 250 min
[13-Feb-2026 17:17:36 America/Bogota] 🆔 ID generado: 1771021056_51281c895
[13-Feb-2026 17:17:36 America/Bogota] 🔄 Transacción iniciada
[13-Feb-2026 17:17:36 America/Bogota] ✅ Cotización insertada en BD
[13-Feb-2026 17:17:36 America/Bogota] ✅ Depreciación calculada: 1583.33 COP
[13-Feb-2026 17:17:36 America/Bogota]    Máquina: Flashforge AD5X (MAQ_003)
[13-Feb-2026 17:17:36 America/Bogota]    Depreciación/hora: 380.0000 COP
[13-Feb-2026 17:17:36 America/Bogota]    Tiempo: 4.1666666666667 horas
[13-Feb-2026 17:17:36 America/Bogota] 💰 Cálculos completados
[13-Feb-2026 17:17:36 America/Bogota] ✅ Cálculos insertados en BD
[13-Feb-2026 17:17:36 America/Bogota] ✅ Transacción confirmada (COMMIT)
[24-Feb-2026 14:42:35 America/Bogota] ✓ Conexión exitosa a MySQL
[24-Feb-2026 14:42:35 America/Bogota] ✓ Conexión exitosa a MySQL
[24-Feb-2026 14:42:38 America/Bogota] ✓ Conexión exitosa a MySQL
[24-Feb-2026 14:42:38 America/Bogota] ✓ Conexión exitosa a MySQL
[24-Feb-2026 14:42:40 America/Bogota] ✓ Conexión exitosa a MySQL
[24-Feb-2026 14:42:40 America/Bogota] ✓ Conexión exitosa a MySQL
[24-Feb-2026 14:42:40 America/Bogota] ✓ Conexión exitosa a MySQL
[24-Feb-2026 14:42:40 America/Bogota] ✓ Conexión exitosa a MySQL
[24-Feb-2026 14:42:40 America/Bogota] ✓ Conexión exitosa a MySQL
[24-Feb-2026 14:42:41 America/Bogota] ✓ Conexión exitosa a MySQL
[24-Feb-2026 14:42:42 America/Bogota] ✓ Conexión exitosa a MySQL
[24-Feb-2026 14:42:42 America/Bogota] ✓ Conexión exitosa a MySQL
[24-Feb-2026 14:44:58 America/Bogota] ✓ Conexión exitosa a MySQL
[24-Feb-2026 14:44:58 America/Bogota] 📥 RAW INPUT RECIBIDO
[24-Feb-2026 14:44:58 America/Bogota] 📦 INPUT DECODIFICADO CORRECTAMENTE
[24-Feb-2026 14:44:58 America/Bogota] === CREAR COTIZACIÓN ===
[24-Feb-2026 14:44:58 America/Bogota] Máquina ID recibida: MAQ_003
[24-Feb-2026 14:44:58 America/Bogota] Nombre: goku flexible
[24-Feb-2026 14:44:58 America/Bogota] Peso: 12.9g
[24-Feb-2026 14:44:58 America/Bogota] Tiempo: 46 min
[24-Feb-2026 14:44:58 America/Bogota] 🆔 ID generado: 1771962298_e27870337
[24-Feb-2026 14:44:58 America/Bogota] 🔄 Transacción iniciada
[24-Feb-2026 14:44:58 America/Bogota] ✅ Cotización insertada en BD
[24-Feb-2026 14:44:58 America/Bogota] ✅ Insumos de postprocesado guardados
[24-Feb-2026 14:44:58 America/Bogota] ✅ Depreciación calculada: 291.33 COP
[24-Feb-2026 14:44:58 America/Bogota]    Máquina: Flashforge AD5X (MAQ_003)
[24-Feb-2026 14:44:58 America/Bogota]    Depreciación/hora: 380.0000 COP
[24-Feb-2026 14:44:58 America/Bogota]    Tiempo: 0.76666666666667 horas
[24-Feb-2026 14:44:58 America/Bogota] 💰 Cálculos completados
[24-Feb-2026 14:44:58 America/Bogota] ✅ Cálculos insertados en BD
[24-Feb-2026 14:44:58 America/Bogota] ✅ Transacción confirmada (COMMIT)
[24-Feb-2026 14:52:08 America/Bogota] ✓ Conexión exitosa a MySQL
[24-Feb-2026 14:52:08 America/Bogota] 📥 RAW INPUT RECIBIDO
[24-Feb-2026 14:52:08 America/Bogota] 📦 INPUT DECODIFICADO CORRECTAMENTE
[24-Feb-2026 14:52:08 America/Bogota] === CREAR COTIZACIÓN ===
[24-Feb-2026 14:52:08 America/Bogota] Máquina ID recibida: MAQ_003
[24-Feb-2026 14:52:08 America/Bogota] Nombre: goku statuilla
[24-Feb-2026 14:52:08 America/Bogota] Peso: 20g
[24-Feb-2026 14:52:08 America/Bogota] Tiempo: 100 min
[24-Feb-2026 14:52:08 America/Bogota] 🆔 ID generado: 1771962728_a11dc5d62
[24-Feb-2026 14:52:08 America/Bogota] 🔄 Transacción iniciada
[24-Feb-2026 14:52:08 America/Bogota] ✅ Cotización insertada en BD
[24-Feb-2026 14:52:08 America/Bogota] ✅ Insumos de postprocesado guardados
[24-Feb-2026 14:52:08 America/Bogota] ✅ Depreciación calculada: 633.33 COP
[24-Feb-2026 14:52:08 America/Bogota]    Máquina: Flashforge AD5X (MAQ_003)
[24-Feb-2026 14:52:08 America/Bogota]    Depreciación/hora: 380.0000 COP
[24-Feb-2026 14:52:08 America/Bogota]    Tiempo: 1.6666666666667 horas
[24-Feb-2026 14:52:08 America/Bogota] 💰 Cálculos completados
[24-Feb-2026 14:52:08 America/Bogota] ✅ Cálculos insertados en BD
[24-Feb-2026 14:52:08 America/Bogota] ✅ Transacción confirmada (COMMIT)
[24-Feb-2026 14:55:57 America/Bogota] ✓ Conexión exitosa a MySQL
[24-Feb-2026 14:55:57 America/Bogota] 📥 RAW INPUT RECIBIDO
[24-Feb-2026 14:55:57 America/Bogota] 📦 INPUT DECODIFICADO CORRECTAMENTE
[24-Feb-2026 14:55:57 America/Bogota] === CREAR COTIZACIÓN ===
[24-Feb-2026 14:55:57 America/Bogota] Máquina ID recibida: MAQ_003
[24-Feb-2026 14:55:57 America/Bogota] Nombre: goku statuilla
[24-Feb-2026 14:55:57 America/Bogota] Peso: 6g
[24-Feb-2026 14:55:57 America/Bogota] Tiempo: 23 min
[24-Feb-2026 14:55:57 America/Bogota] 🆔 ID generado: 1771962957_f28ce383c
[24-Feb-2026 14:55:57 America/Bogota] 🔄 Transacción iniciada
[24-Feb-2026 14:55:57 America/Bogota] ✅ Cotización insertada en BD
[24-Feb-2026 14:55:57 America/Bogota] ✅ Depreciación calculada: 145.67 COP
[24-Feb-2026 14:55:57 America/Bogota]    Máquina: Flashforge AD5X (MAQ_003)
[24-Feb-2026 14:55:57 America/Bogota]    Depreciación/hora: 380.0000 COP
[24-Feb-2026 14:55:57 America/Bogota]    Tiempo: 0.38333333333333 horas
[24-Feb-2026 14:55:57 America/Bogota] 💰 Cálculos completados
[24-Feb-2026 14:55:57 America/Bogota] ✅ Cálculos insertados en BD
[24-Feb-2026 14:55:57 America/Bogota] ✅ Transacción confirmada (COMMIT)
[24-Feb-2026 14:58:42 America/Bogota] ✓ Conexión exitosa a MySQL
[24-Feb-2026 14:58:42 America/Bogota] 📥 RAW INPUT RECIBIDO
[24-Feb-2026 14:58:42 America/Bogota] 📦 INPUT DECODIFICADO CORRECTAMENTE
[24-Feb-2026 14:58:42 America/Bogota] === CREAR COTIZACIÓN ===
[24-Feb-2026 14:58:42 America/Bogota] Máquina ID recibida: MAQ_003
[24-Feb-2026 14:58:42 America/Bogota] Nombre: goku placa
[24-Feb-2026 14:58:42 America/Bogota] Peso: 10g
[24-Feb-2026 14:58:42 America/Bogota] Tiempo: 50 min
[24-Feb-2026 14:58:42 America/Bogota] 🆔 ID generado: 1771963122_6d8747688
[24-Feb-2026 14:58:42 America/Bogota] 🔄 Transacción iniciada
[24-Feb-2026 14:58:42 America/Bogota] ✅ Cotización insertada en BD
[24-Feb-2026 14:58:42 America/Bogota] ✅ Depreciación calculada: 316.67 COP
[24-Feb-2026 14:58:42 America/Bogota]    Máquina: Flashforge AD5X (MAQ_003)
[24-Feb-2026 14:58:42 America/Bogota]    Depreciación/hora: 380.0000 COP
[24-Feb-2026 14:58:42 America/Bogota]    Tiempo: 0.83333333333333 horas
[24-Feb-2026 14:58:42 America/Bogota] 💰 Cálculos completados
[24-Feb-2026 14:58:42 America/Bogota] ✅ Cálculos insertados en BD
[24-Feb-2026 14:58:42 America/Bogota] ✅ Transacción confirmada (COMMIT)
[24-Feb-2026 15:00:59 America/Bogota] ✓ Conexión exitosa a MySQL
[24-Feb-2026 15:00:59 America/Bogota] 📥 RAW INPUT RECIBIDO
[24-Feb-2026 15:00:59 America/Bogota] 📦 INPUT DECODIFICADO CORRECTAMENTE
[24-Feb-2026 15:00:59 America/Bogota] === CREAR COTIZACIÓN ===
[24-Feb-2026 15:00:59 America/Bogota] Máquina ID recibida: MAQ_003
[24-Feb-2026 15:00:59 America/Bogota] Nombre: goku placa
[24-Feb-2026 15:00:59 America/Bogota] Peso: 11g
[24-Feb-2026 15:00:59 America/Bogota] Tiempo: 100 min
[24-Feb-2026 15:00:59 America/Bogota] 🆔 ID generado: 1771963259_5be8b0687
[24-Feb-2026 15:00:59 America/Bogota] 🔄 Transacción iniciada
[24-Feb-2026 15:00:59 America/Bogota] ✅ Cotización insertada en BD
[24-Feb-2026 15:00:59 America/Bogota] ✅ Depreciación calculada: 633.33 COP
[24-Feb-2026 15:00:59 America/Bogota]    Máquina: Flashforge AD5X (MAQ_003)
[24-Feb-2026 15:00:59 America/Bogota]    Depreciación/hora: 380.0000 COP
[24-Feb-2026 15:00:59 America/Bogota]    Tiempo: 1.6666666666667 horas
[24-Feb-2026 15:00:59 America/Bogota] 💰 Cálculos completados
[24-Feb-2026 15:00:59 America/Bogota] ✅ Cálculos insertados en BD
[24-Feb-2026 15:00:59 America/Bogota] ✅ Transacción confirmada (COMMIT)
[24-Feb-2026 15:02:48 America/Bogota] ✓ Conexión exitosa a MySQL
[24-Feb-2026 15:02:48 America/Bogota] 📥 RAW INPUT RECIBIDO
[24-Feb-2026 15:02:48 America/Bogota] 📦 INPUT DECODIFICADO CORRECTAMENTE
[24-Feb-2026 15:02:48 America/Bogota] === CREAR COTIZACIÓN ===
[24-Feb-2026 15:02:48 America/Bogota] Máquina ID recibida: MAQ_003
[24-Feb-2026 15:02:48 America/Bogota] Nombre: goku placa
[24-Feb-2026 15:02:48 America/Bogota] Peso: 4g
[24-Feb-2026 15:02:48 America/Bogota] Tiempo: 20 min
[24-Feb-2026 15:02:48 America/Bogota] 🆔 ID generado: 1771963368_6b5e4c669
[24-Feb-2026 15:02:48 America/Bogota] 🔄 Transacción iniciada
[24-Feb-2026 15:02:48 America/Bogota] ✅ Cotización insertada en BD
[24-Feb-2026 15:02:48 America/Bogota] ✅ Depreciación calculada: 126.67 COP
[24-Feb-2026 15:02:48 America/Bogota]    Máquina: Flashforge AD5X (MAQ_003)
[24-Feb-2026 15:02:48 America/Bogota]    Depreciación/hora: 380.0000 COP
[24-Feb-2026 15:02:48 America/Bogota]    Tiempo: 0.33333333333333 horas
[24-Feb-2026 15:02:48 America/Bogota] 💰 Cálculos completados
[24-Feb-2026 15:02:49 America/Bogota] ✅ Cálculos insertados en BD
[24-Feb-2026 15:02:49 America/Bogota] ✅ Transacción confirmada (COMMIT)
[24-Feb-2026 15:05:00 America/Bogota] ✓ Conexión exitosa a MySQL
[24-Feb-2026 15:05:00 America/Bogota] 📥 RAW INPUT RECIBIDO
[24-Feb-2026 15:05:00 America/Bogota] 📦 INPUT DECODIFICADO CORRECTAMENTE
[24-Feb-2026 15:05:00 America/Bogota] === CREAR COTIZACIÓN ===
[24-Feb-2026 15:05:00 America/Bogota] Máquina ID recibida: MAQ_003
[24-Feb-2026 15:05:00 America/Bogota] Nombre: goku placa
[24-Feb-2026 15:05:00 America/Bogota] Peso: 4g
[24-Feb-2026 15:05:00 America/Bogota] Tiempo: 40 min
[24-Feb-2026 15:05:00 America/Bogota] 🆔 ID generado: 1771963500_46d5355f5
[24-Feb-2026 15:05:00 America/Bogota] 🔄 Transacción iniciada
[24-Feb-2026 15:05:00 America/Bogota] ✅ Cotización insertada en BD
[24-Feb-2026 15:05:00 America/Bogota] ✅ Depreciación calculada: 253.33 COP
[24-Feb-2026 15:05:00 America/Bogota]    Máquina: Flashforge AD5X (MAQ_003)
[24-Feb-2026 15:05:00 America/Bogota]    Depreciación/hora: 380.0000 COP
[24-Feb-2026 15:05:00 America/Bogota]    Tiempo: 0.66666666666667 horas
[24-Feb-2026 15:05:00 America/Bogota] 💰 Cálculos completados
[24-Feb-2026 15:05:00 America/Bogota] ✅ Cálculos insertados en BD
[24-Feb-2026 15:05:00 America/Bogota] ✅ Transacción confirmada (COMMIT)
[24-Feb-2026 15:25:19 America/Bogota] ✓ Conexión exitosa a MySQL
[24-Feb-2026 15:25:19 America/Bogota] 📥 RAW INPUT RECIBIDO
[24-Feb-2026 15:25:19 America/Bogota] 📦 INPUT DECODIFICADO CORRECTAMENTE
[24-Feb-2026 15:25:19 America/Bogota] === CREAR COTIZACIÓN ===
[24-Feb-2026 15:25:19 America/Bogota] Máquina ID recibida: MAQ_003
[24-Feb-2026 15:25:19 America/Bogota] Nombre: Figura goku impresa multicolor
[24-Feb-2026 15:25:19 America/Bogota] Peso: 277g
[24-Feb-2026 15:25:19 America/Bogota] Tiempo: 2792 min
[24-Feb-2026 15:25:19 America/Bogota] 🆔 ID generado: 1771964719_a1bb56f3e
[24-Feb-2026 15:25:19 America/Bogota] 🔄 Transacción iniciada
[24-Feb-2026 15:25:19 America/Bogota] ✅ Cotización insertada en BD
[24-Feb-2026 15:25:19 America/Bogota] ✅ Depreciación calculada: 17682.67 COP
[24-Feb-2026 15:25:19 America/Bogota]    Máquina: Flashforge AD5X (MAQ_003)
[24-Feb-2026 15:25:19 America/Bogota]    Depreciación/hora: 380.0000 COP
[24-Feb-2026 15:25:19 America/Bogota]    Tiempo: 46.533333333333 horas
[24-Feb-2026 15:25:19 America/Bogota] 💰 Cálculos completados
[24-Feb-2026 15:25:19 America/Bogota] ✅ Cálculos insertados en BD
[24-Feb-2026 15:25:19 America/Bogota] ✅ Transacción confirmada (COMMIT)
[24-Feb-2026 15:50:31 America/Bogota] ✓ Conexión exitosa a MySQL
[24-Feb-2026 15:50:31 America/Bogota] 📥 RAW INPUT RECIBIDO
[24-Feb-2026 15:50:31 America/Bogota] 📦 INPUT DECODIFICADO CORRECTAMENTE
[24-Feb-2026 15:50:31 America/Bogota] === CREAR COTIZACIÓN ===
[24-Feb-2026 15:50:31 America/Bogota] Máquina ID recibida: MAQ_003
[24-Feb-2026 15:50:31 America/Bogota] Nombre: Figura goku pintada a mano
[24-Feb-2026 15:50:31 America/Bogota] Peso: 207g
[24-Feb-2026 15:50:31 America/Bogota] Tiempo: 1189 min
[24-Feb-2026 15:50:31 America/Bogota] 🆔 ID generado: 1771966231_ef4839842
[24-Feb-2026 15:50:31 America/Bogota] 🔄 Transacción iniciada
[24-Feb-2026 15:50:31 America/Bogota] ✅ Cotización insertada en BD
[24-Feb-2026 15:50:31 America/Bogota] ✅ Depreciación calculada: 7530.33 COP
[24-Feb-2026 15:50:31 America/Bogota]    Máquina: Flashforge AD5X (MAQ_003)
[24-Feb-2026 15:50:31 America/Bogota]    Depreciación/hora: 380.0000 COP
[24-Feb-2026 15:50:31 America/Bogota]    Tiempo: 19.816666666667 horas
[24-Feb-2026 15:50:31 America/Bogota] 💰 Cálculos completados
[24-Feb-2026 15:50:31 America/Bogota] ✅ Cálculos insertados en BD
[24-Feb-2026 15:50:31 America/Bogota] ✅ Transacción confirmada (COMMIT)
[28-Feb-2026 15:12:28 America/Bogota] ✓ Conexión exitosa a MySQL
[28-Feb-2026 15:12:28 America/Bogota] ✓ Conexión exitosa a MySQL
[28-Feb-2026 15:12:33 America/Bogota] ✓ Conexión exitosa a MySQL
[28-Feb-2026 15:12:33 America/Bogota] ✓ Conexión exitosa a MySQL
[28-Feb-2026 15:12:37 America/Bogota] ✓ Conexión exitosa a MySQL
[28-Feb-2026 15:12:37 America/Bogota] ✓ Conexión exitosa a MySQL
[28-Feb-2026 15:12:37 America/Bogota] ✓ Conexión exitosa a MySQL
[28-Feb-2026 15:12:37 America/Bogota] ✓ Conexión exitosa a MySQL
[28-Feb-2026 15:12:37 America/Bogota] ✓ Conexión exitosa a MySQL
[28-Feb-2026 15:12:38 America/Bogota] ✓ Conexión exitosa a MySQL
[28-Feb-2026 15:12:38 America/Bogota] ✓ Conexión exitosa a MySQL
[28-Feb-2026 15:12:38 America/Bogota] ✓ Conexión exitosa a MySQL
[28-Feb-2026 15:14:12 America/Bogota] ✓ Conexión exitosa a MySQL
[28-Feb-2026 15:14:12 America/Bogota] 📥 RAW INPUT RECIBIDO
[28-Feb-2026 15:14:12 America/Bogota] 📦 INPUT DECODIFICADO CORRECTAMENTE
[28-Feb-2026 15:14:12 America/Bogota] === CREAR COTIZACIÓN ===
[28-Feb-2026 15:14:12 America/Bogota] Máquina ID recibida: MAQ_003
[28-Feb-2026 15:14:12 America/Bogota] Nombre: jocstick silla de ruedas
[28-Feb-2026 15:14:12 America/Bogota] Peso: 138g
[28-Feb-2026 15:14:12 America/Bogota] Tiempo: 209 min
[28-Feb-2026 15:14:12 America/Bogota] 🆔 ID generado: 1772309652_076fdca64
[28-Feb-2026 15:14:12 America/Bogota] 🔄 Transacción iniciada
[28-Feb-2026 15:14:12 America/Bogota] ✅ Cotización insertada en BD
[28-Feb-2026 15:14:12 America/Bogota] ✅ Depreciación calculada: 1323.67 COP
[28-Feb-2026 15:14:12 America/Bogota]    Máquina: Flashforge AD5X (MAQ_003)
[28-Feb-2026 15:14:12 America/Bogota]    Depreciación/hora: 380.0000 COP
[28-Feb-2026 15:14:12 America/Bogota]    Tiempo: 3.4833333333333 horas
[28-Feb-2026 15:14:12 America/Bogota] 💰 Cálculos completados
[28-Feb-2026 15:14:12 America/Bogota] ✅ Cálculos insertados en BD
[28-Feb-2026 15:14:12 America/Bogota] ✅ Transacción confirmada (COMMIT)
[01-Mar-2026 13:57:38 America/Bogota] ✓ Conexión exitosa a MySQL
[01-Mar-2026 13:57:38 America/Bogota] ✓ Conexión exitosa a MySQL
[01-Mar-2026 13:57:41 America/Bogota] ✓ Conexión exitosa a MySQL
[01-Mar-2026 13:57:41 America/Bogota] ✓ Conexión exitosa a MySQL
[01-Mar-2026 13:57:48 America/Bogota] ✓ Conexión exitosa a MySQL
[01-Mar-2026 13:57:49 America/Bogota] ✓ Conexión exitosa a MySQL
[01-Mar-2026 13:57:49 America/Bogota] ✓ Conexión exitosa a MySQL
[01-Mar-2026 13:57:49 America/Bogota] ✓ Conexión exitosa a MySQL
[01-Mar-2026 13:57:54 America/Bogota] ✓ Conexión exitosa a MySQL
[01-Mar-2026 13:57:54 America/Bogota] ✓ Conexión exitosa a MySQL
[01-Mar-2026 13:57:55 America/Bogota] ✓ Conexión exitosa a MySQL
[01-Mar-2026 13:57:55 America/Bogota] ✓ Conexión exitosa a MySQL
[01-Mar-2026 13:58:05 America/Bogota] ✓ Conexión exitosa a MySQL
[01-Mar-2026 14:01:29 America/Bogota] ✓ Conexión exitosa a MySQL
[01-Mar-2026 14:01:29 America/Bogota] ✓ Conexión exitosa a MySQL
[01-Mar-2026 14:01:29 America/Bogota] ✓ Conexión exitosa a MySQL
[01-Mar-2026 14:01:29 America/Bogota] ✓ Conexión exitosa a MySQL
[01-Mar-2026 14:01:29 America/Bogota] ✓ Conexión exitosa a MySQL
[01-Mar-2026 14:01:29 America/Bogota] ✓ Conexión exitosa a MySQL
[01-Mar-2026 14:01:31 America/Bogota] ✓ Conexión exitosa a MySQL
[01-Mar-2026 14:01:31 America/Bogota] ✓ Conexión exitosa a MySQL
[01-Mar-2026 14:01:31 America/Bogota] ✓ Conexión exitosa a MySQL
[01-Mar-2026 14:01:44 America/Bogota] ✓ Conexión exitosa a MySQL
[01-Mar-2026 14:01:44 America/Bogota] ✓ Conexión exitosa a MySQL
[01-Mar-2026 14:01:45 America/Bogota] ✓ Conexión exitosa a MySQL
[01-Mar-2026 14:01:45 America/Bogota] ✓ Conexión exitosa a MySQL
[01-Mar-2026 14:01:46 America/Bogota] ✓ Conexión exitosa a MySQL
[01-Mar-2026 14:01:46 America/Bogota] ✓ Conexión exitosa a MySQL
[01-Mar-2026 14:01:47 America/Bogota] ✓ Conexión exitosa a MySQL
[01-Mar-2026 14:01:47 America/Bogota] ✓ Conexión exitosa a MySQL
[01-Mar-2026 17:13:16 America/Bogota] ✓ Conexión exitosa a MySQL
[01-Mar-2026 17:13:18 America/Bogota] ✓ Conexión exitosa a MySQL
[01-Mar-2026 17:13:21 America/Bogota] ✓ Conexión exitosa a MySQL
[01-Mar-2026 17:13:23 America/Bogota] ✓ Conexión exitosa a MySQL
[01-Mar-2026 17:13:25 America/Bogota] ✓ Conexión exitosa a MySQL
[01-Mar-2026 17:13:27 America/Bogota] ✓ Conexión exitosa a MySQL
[01-Mar-2026 17:13:29 America/Bogota] ✓ Conexión exitosa a MySQL
[01-Mar-2026 17:13:31 America/Bogota] ✓ Conexión exitosa a MySQL
[01-Mar-2026 17:13:32 America/Bogota] ✓ Conexión exitosa a MySQL
[01-Mar-2026 17:13:34 America/Bogota] ✓ Conexión exitosa a MySQL
[01-Mar-2026 17:13:36 America/Bogota] ✓ Conexión exitosa a MySQL
[01-Mar-2026 17:13:37 America/Bogota] ✓ Conexión exitosa a MySQL
[01-Mar-2026 17:13:39 America/Bogota] ✓ Conexión exitosa a MySQL
[01-Mar-2026 17:13:40 America/Bogota] ✓ Conexión exitosa a MySQL
[01-Mar-2026 17:13:43 America/Bogota] ✓ Conexión exitosa a MySQL
[01-Mar-2026 17:13:46 America/Bogota] ✓ Conexión exitosa a MySQL
[01-Mar-2026 17:13:47 America/Bogota] ✓ Conexión exitosa a MySQL
[01-Mar-2026 17:13:48 America/Bogota] ✓ Conexión exitosa a MySQL
[01-Mar-2026 17:13:50 America/Bogota] ✓ Conexión exitosa a MySQL
[01-Mar-2026 17:13:51 America/Bogota] ✓ Conexión exitosa a MySQL
[01-Mar-2026 17:13:52 America/Bogota] ✓ Conexión exitosa a MySQL
[01-Mar-2026 17:13:54 America/Bogota] ✓ Conexión exitosa a MySQL
[01-Mar-2026 17:13:55 America/Bogota] ✓ Conexión exitosa a MySQL
[01-Mar-2026 17:13:57 America/Bogota] ✓ Conexión exitosa a MySQL
[01-Mar-2026 17:13:58 America/Bogota] ✓ Conexión exitosa a MySQL
[01-Mar-2026 17:13:59 America/Bogota] ✓ Conexión exitosa a MySQL
[01-Mar-2026 17:14:01 America/Bogota] ✓ Conexión exitosa a MySQL
[01-Mar-2026 17:14:02 America/Bogota] ✓ Conexión exitosa a MySQL
[01-Mar-2026 17:14:04 America/Bogota] ✓ Conexión exitosa a MySQL
[01-Mar-2026 17:14:05 America/Bogota] ✓ Conexión exitosa a MySQL
[01-Mar-2026 17:14:06 America/Bogota] ✓ Conexión exitosa a MySQL
[01-Mar-2026 17:14:07 America/Bogota] ✓ Conexión exitosa a MySQL
[01-Mar-2026 17:14:09 America/Bogota] ✓ Conexión exitosa a MySQL
[01-Mar-2026 17:14:10 America/Bogota] ✓ Conexión exitosa a MySQL
[01-Mar-2026 17:14:11 America/Bogota] ✓ Conexión exitosa a MySQL
[01-Mar-2026 17:14:12 America/Bogota] ✓ Conexión exitosa a MySQL
[01-Mar-2026 17:14:14 America/Bogota] ✓ Conexión exitosa a MySQL
[01-Mar-2026 17:14:18 America/Bogota] ✓ Conexión exitosa a MySQL
[01-Mar-2026 17:14:20 America/Bogota] ✓ Conexión exitosa a MySQL
[01-Mar-2026 17:14:21 America/Bogota] ✓ Conexión exitosa a MySQL
[01-Mar-2026 17:14:22 America/Bogota] ✓ Conexión exitosa a MySQL
[01-Mar-2026 17:14:24 America/Bogota] ✓ Conexión exitosa a MySQL
[01-Mar-2026 17:14:25 America/Bogota] ✓ Conexión exitosa a MySQL
[01-Mar-2026 17:14:26 America/Bogota] ✓ Conexión exitosa a MySQL
[01-Mar-2026 17:14:28 America/Bogota] ✓ Conexión exitosa a MySQL
[01-Mar-2026 17:14:29 America/Bogota] ✓ Conexión exitosa a MySQL
[01-Mar-2026 17:14:30 America/Bogota] ✓ Conexión exitosa a MySQL
[01-Mar-2026 17:14:31 America/Bogota] ✓ Conexión exitosa a MySQL
[01-Mar-2026 17:14:32 America/Bogota] ✓ Conexión exitosa a MySQL
[01-Mar-2026 17:14:35 America/Bogota] ✓ Conexión exitosa a MySQL
[01-Mar-2026 17:14:37 America/Bogota] ✓ Conexión exitosa a MySQL
[01-Mar-2026 17:14:38 America/Bogota] ✓ Conexión exitosa a MySQL
[01-Mar-2026 17:14:39 America/Bogota] ✓ Conexión exitosa a MySQL
[01-Mar-2026 17:14:41 America/Bogota] ✓ Conexión exitosa a MySQL
[01-Mar-2026 17:14:42 America/Bogota] ✓ Conexión exitosa a MySQL
[01-Mar-2026 17:14:44 America/Bogota] ✓ Conexión exitosa a MySQL
[01-Mar-2026 17:14:51 America/Bogota] ✓ Conexión exitosa a MySQL
[01-Mar-2026 17:15:00 America/Bogota] ✓ Conexión exitosa a MySQL
[01-Mar-2026 17:15:00 America/Bogota] ✓ Conexión exitosa a MySQL
[01-Mar-2026 17:15:03 America/Bogota] ✓ Conexión exitosa a MySQL
[01-Mar-2026 17:15:03 America/Bogota] ✓ Conexión exitosa a MySQL
[01-Mar-2026 17:15:05 America/Bogota] ✓ Conexión exitosa a MySQL
[01-Mar-2026 17:15:05 America/Bogota] ✓ Conexión exitosa a MySQL
[01-Mar-2026 17:15:06 America/Bogota] ✓ Conexión exitosa a MySQL
[01-Mar-2026 17:15:06 America/Bogota] ✓ Conexión exitosa a MySQL
[01-Mar-2026 17:15:20 America/Bogota] ✓ Conexión exitosa a MySQL
